-- MySQL dump 10.13  Distrib 8.0.40, for Win64 (x86_64)
--
-- Host: mysql-bb42def-vergyl.e.aivencloud.com    Database: vergyl
-- ------------------------------------------------------
-- Server version	8.0.35

/*!40101 SET @OLD_CHARACTER_SET_CLIENT=@@CHARACTER_SET_CLIENT */;
/*!40101 SET @OLD_CHARACTER_SET_RESULTS=@@CHARACTER_SET_RESULTS */;
/*!40101 SET @OLD_COLLATION_CONNECTION=@@COLLATION_CONNECTION */;
/*!50503 SET NAMES utf8 */;
/*!40103 SET @OLD_TIME_ZONE=@@TIME_ZONE */;
/*!40103 SET TIME_ZONE='+00:00' */;
/*!40014 SET @OLD_UNIQUE_CHECKS=@@UNIQUE_CHECKS, UNIQUE_CHECKS=0 */;
/*!40014 SET @OLD_FOREIGN_KEY_CHECKS=@@FOREIGN_KEY_CHECKS, FOREIGN_KEY_CHECKS=0 */;
/*!40101 SET @OLD_SQL_MODE=@@SQL_MODE, SQL_MODE='NO_AUTO_VALUE_ON_ZERO' */;
/*!40111 SET @OLD_SQL_NOTES=@@SQL_NOTES, SQL_NOTES=0 */;
SET @MYSQLDUMP_TEMP_LOG_BIN = @@SESSION.SQL_LOG_BIN;
SET @@SESSION.SQL_LOG_BIN= 0;

--
-- GTID state at the beginning of the backup 
--

SET @@GLOBAL.GTID_PURGED=/*!80000 '+'*/ '2669b960-e0aa-11ef-8116-42f6750e4f8f:1-20,
8b67e2f7-069c-11f0-9a42-7619305a0d65:1-34,
90dda7f0-ee6f-11ef-aed5-d6e4fb5753db:1-1575,
a89cb900-32fc-11f0-b2f9-022600b348d6:1-15,
e95f86d5-ba2e-11ef-8a66-0a8afaa5033b:1-338';

--
-- Table structure for table `addresses`
--

DROP TABLE IF EXISTS `addresses`;
/*!40101 SET @saved_cs_client     = @@character_set_client */;
/*!50503 SET character_set_client = utf8mb4 */;
CREATE TABLE `addresses` (
  `address_id` int NOT NULL AUTO_INCREMENT,
  `user_id` int NOT NULL,
  `address_line` varchar(255) NOT NULL,
  `city` varchar(100) NOT NULL,
  `state` varchar(100) DEFAULT NULL,
  `zip_code` varchar(20) DEFAULT NULL,
  `country` varchar(100) NOT NULL,
  `created_at` timestamp NULL DEFAULT CURRENT_TIMESTAMP,
  `Delete_Status` tinyint DEFAULT '0',
  PRIMARY KEY (`address_id`),
  KEY `user_id` (`user_id`),
  CONSTRAINT `addresses_ibfk_1` FOREIGN KEY (`user_id`) REFERENCES `users` (`user_id`) ON DELETE CASCADE
) ENGINE=InnoDB AUTO_INCREMENT=10 DEFAULT CHARSET=utf8mb4 COLLATE=utf8mb4_0900_ai_ci;
/*!40101 SET character_set_client = @saved_cs_client */;

--
-- Dumping data for table `addresses`
--

LOCK TABLES `addresses` WRITE;
/*!40000 ALTER TABLE `addresses` DISABLE KEYS */;
INSERT INTO `addresses` VALUES (1,3,' MG Road, Panampilly Nagar','Ernakulam','Kerala','682036','India','2024-12-14 18:47:42',1),(2,3,'45/B, MG Road, Panampilly Nagar','Ernakulam','Kerala','682036','India','2024-12-14 18:53:11',1),(3,3,'45/B, MG Road, Panampilly Nagar','Ernakulam','Kerala','682036','India','2024-12-14 18:53:47',0),(4,3,' MG Road, Panampilly Nagar','Ernakulam','Kerala','682036','India','2024-12-14 18:54:11',0),(5,5,'test','test','test','123','test','2025-02-02 10:46:07',0),(6,10,'hgg','yyy','yyy','hg','ygy','2025-02-22 12:10:56',0),(7,4,'kochi ','kakanad','kerala','','india ','2025-03-18 14:49:52',0),(8,5,'45/B, MG Road, Panampilly Nagar','Ernakulam','Kerala','682036','India','2025-03-18 15:32:31',0),(9,5,'45/B, MG Road, Panampilly Nagar','Ernakulam','Kerala','682036','India','2025-03-18 15:36:09',0);
/*!40000 ALTER TABLE `addresses` ENABLE KEYS */;
UNLOCK TABLES;

--
-- Table structure for table `datalog`
--

DROP TABLE IF EXISTS `datalog`;
/*!40101 SET @saved_cs_client     = @@character_set_client */;
/*!50503 SET character_set_client = utf8mb4 */;
CREATE TABLE `datalog` (
  `log_id` int NOT NULL AUTO_INCREMENT,
  `order_id` int NOT NULL,
  `affected_request_masters` text,
  `approved_requests` text,
  `created_at` timestamp NULL DEFAULT CURRENT_TIMESTAMP,
  PRIMARY KEY (`log_id`),
  KEY `order_id` (`order_id`),
  CONSTRAINT `datalog_ibfk_1` FOREIGN KEY (`order_id`) REFERENCES `orders` (`order_id`) ON DELETE CASCADE
) ENGINE=InnoDB AUTO_INCREMENT=27 DEFAULT CHARSET=utf8mb4 COLLATE=utf8mb4_0900_ai_ci;
/*!40101 SET character_set_client = @saved_cs_client */;

--
-- Dumping data for table `datalog`
--

LOCK TABLES `datalog` WRITE;
/*!40000 ALTER TABLE `datalog` DISABLE KEYS */;
INSERT INTO `datalog` VALUES (1,36,NULL,'21,','2025-03-01 14:52:11'),(2,38,'2,','21,','2025-03-01 15:01:21'),(3,39,'2,','21,','2025-03-11 15:52:41'),(4,41,'2,','21,','2025-03-15 05:32:39'),(5,42,'2,','21,','2025-03-15 05:46:12'),(6,53,'','','2025-03-15 06:50:51'),(7,54,'3,','23,','2025-03-16 12:23:40'),(8,55,'','','2025-03-17 04:08:13'),(9,56,'2,','21,','2025-03-18 15:32:36'),(10,57,'2,','21,','2025-03-18 15:36:15'),(11,58,'','','2025-03-19 10:57:25'),(12,59,'2,','21,','2025-03-19 14:39:43'),(13,60,'2,','21,','2025-03-19 14:41:18'),(14,61,'','','2025-03-19 16:01:33'),(15,64,'','','2025-03-20 15:54:33'),(16,65,'','','2025-03-20 15:55:24'),(17,66,'','','2025-03-20 15:57:51'),(18,67,'','','2025-03-20 15:59:31'),(19,68,'','','2025-03-20 15:59:43'),(20,69,'','','2025-03-20 16:02:56'),(21,70,'','','2025-03-20 16:09:25'),(22,72,'','','2025-03-20 16:12:19'),(23,73,'25,25,','68,67,','2025-03-21 06:18:46'),(24,74,'28,28,','74,73,','2025-03-21 12:16:50'),(25,75,'29,29,29,','77,76,75,','2025-03-21 17:50:24'),(26,76,'30,30,','79,78,','2025-03-24 06:28:21');
/*!40000 ALTER TABLE `datalog` ENABLE KEYS */;
UNLOCK TABLES;

--
-- Table structure for table `order_history`
--

DROP TABLE IF EXISTS `order_history`;
/*!40101 SET @saved_cs_client     = @@character_set_client */;
/*!50503 SET character_set_client = utf8mb4 */;
CREATE TABLE `order_history` (
  `history_id` int NOT NULL AUTO_INCREMENT,
  `order_id` int NOT NULL,
  `status` varchar(50) DEFAULT NULL,
  `order_status_id` int DEFAULT NULL,
  `updated_at` timestamp NULL DEFAULT CURRENT_TIMESTAMP,
  `updated_By` int DEFAULT NULL,
  PRIMARY KEY (`history_id`),
  KEY `order_id` (`order_id`),
  KEY `fk_order_history_status` (`order_status_id`),
  CONSTRAINT `fk_order_history_status` FOREIGN KEY (`order_status_id`) REFERENCES `order_status` (`order_status_id`),
  CONSTRAINT `order_history_ibfk_1` FOREIGN KEY (`order_id`) REFERENCES `orders` (`order_id`)
) ENGINE=InnoDB AUTO_INCREMENT=71 DEFAULT CHARSET=utf8mb4 COLLATE=utf8mb4_0900_ai_ci;
/*!40101 SET character_set_client = @saved_cs_client */;

--
-- Dumping data for table `order_history`
--

LOCK TABLES `order_history` WRITE;
/*!40000 ALTER TABLE `order_history` DISABLE KEYS */;
INSERT INTO `order_history` VALUES (1,5,'Pending',1,'2024-12-15 09:19:21',NULL),(2,6,'Pending',1,'2024-12-15 09:19:38',NULL),(3,7,'Pending',1,'2024-12-15 09:21:05',NULL),(4,9,'Pending',1,'2024-12-15 09:25:08',NULL),(5,1,'Shipped',3,'2024-12-15 09:49:33',2),(6,1,'Shipped',3,'2024-12-15 09:50:24',2),(7,1,'Shipped',3,'2024-12-15 09:50:35',2),(8,10,'Pending',1,'2025-02-21 04:17:04',NULL),(9,11,'Pending',1,'2025-02-21 04:22:47',NULL),(10,12,'Pending',1,'2025-02-21 04:27:09',NULL),(11,13,'Pending',1,'2025-02-22 12:11:06',NULL),(12,14,'Pending',1,'2025-02-23 14:01:59',NULL),(13,15,'Pending',1,'2025-02-24 11:02:38',NULL),(14,16,'Pending',1,'2025-02-24 11:10:23',NULL),(15,17,'Pending',1,'2025-02-25 14:57:44',NULL),(16,18,'Pending',1,'2025-02-25 15:17:48',NULL),(17,19,'Pending',1,'2025-03-01 13:20:30',NULL),(18,20,'Pending',1,'2025-03-01 13:22:06',NULL),(19,21,'Pending',1,'2025-03-01 13:23:38',NULL),(20,22,'Pending',1,'2025-03-01 13:23:49',NULL),(21,23,'Pending',1,'2025-03-01 13:24:02',NULL),(22,24,'Pending',1,'2025-03-01 13:25:02',NULL),(23,25,'Pending',1,'2025-03-01 13:25:16',NULL),(24,26,'Pending',1,'2025-03-01 13:27:33',NULL),(25,27,'Pending',1,'2025-03-01 13:29:38',NULL),(26,28,'Pending',1,'2025-03-01 13:30:00',NULL),(27,29,'Pending',1,'2025-03-01 13:30:09',NULL),(28,30,'Pending',1,'2025-03-01 13:30:16',NULL),(29,31,'Pending',1,'2025-03-01 13:30:22',NULL),(30,32,'Pending',1,'2025-03-01 14:13:46',NULL),(31,33,'Pending',1,'2025-03-01 14:23:26',NULL),(32,34,'Pending',1,'2025-03-01 14:26:49',NULL),(33,36,'Pending',1,'2025-03-01 14:52:11',NULL),(34,38,'Pending',1,'2025-03-01 15:01:21',NULL),(35,39,'Pending',NULL,'2025-03-11 15:52:41',NULL),(36,39,'Pending',1,'2025-03-12 17:10:32',3),(37,41,'Pending',NULL,'2025-03-15 05:32:39',NULL),(38,42,'Pending',NULL,'2025-03-15 05:46:12',NULL),(39,5,'Canceled',5,'2025-03-15 06:02:16',12),(40,7,'Canceled',5,'2025-03-15 06:03:01',12),(41,53,'Pending',NULL,'2025-03-15 06:50:51',NULL),(42,53,'Pending',1,'2025-03-15 18:09:03',3),(43,54,'Pending',NULL,'2025-03-16 12:23:40',NULL),(44,54,'Processed',2,'2025-03-16 13:36:17',3),(45,55,'Pending',NULL,'2025-03-17 04:08:13',NULL),(46,56,'Pending',NULL,'2025-03-18 15:32:36',NULL),(47,57,'Pending',NULL,'2025-03-18 15:36:15',NULL),(48,57,'Refunded',8,'2025-03-18 15:52:06',2),(49,58,'Pending',NULL,'2025-03-19 10:57:25',NULL),(50,59,'Pending',NULL,'2025-03-19 14:39:43',NULL),(51,60,'Pending',NULL,'2025-03-19 14:41:18',NULL),(52,61,'Pending',NULL,'2025-03-19 16:01:33',NULL),(53,64,'Pending',NULL,'2025-03-20 15:54:33',NULL),(54,65,'Pending',NULL,'2025-03-20 15:55:24',NULL),(55,66,'Pending',NULL,'2025-03-20 15:57:51',NULL),(56,67,'Pending',NULL,'2025-03-20 15:59:31',NULL),(57,68,'Pending',NULL,'2025-03-20 15:59:43',NULL),(58,69,'Pending',NULL,'2025-03-20 16:02:56',NULL),(59,70,'Pending',NULL,'2025-03-20 16:09:25',NULL),(60,72,'Pending',NULL,'2025-03-20 16:12:19',NULL),(61,73,'Pending',NULL,'2025-03-21 06:18:46',NULL),(62,73,'Processed',2,'2025-03-21 06:48:52',3),(63,73,'Processed',2,'2025-03-21 06:49:01',3),(64,73,'Canceled',5,'2025-03-21 06:49:17',3),(65,73,'Processed',2,'2025-03-21 07:07:32',3),(66,73,'Processed',2,'2025-03-21 07:07:54',3),(67,74,'Pending',NULL,'2025-03-21 12:16:50',NULL),(68,75,'Pending',NULL,'2025-03-21 17:50:24',NULL),(69,75,'Delivered',4,'2025-03-21 17:52:49',3),(70,76,'Pending',NULL,'2025-03-24 06:28:21',NULL);
/*!40000 ALTER TABLE `order_history` ENABLE KEYS */;
UNLOCK TABLES;

--
-- Table structure for table `order_items`
--

DROP TABLE IF EXISTS `order_items`;
/*!40101 SET @saved_cs_client     = @@character_set_client */;
/*!50503 SET character_set_client = utf8mb4 */;
CREATE TABLE `order_items` (
  `order_item_id` int NOT NULL AUTO_INCREMENT,
  `order_id` int NOT NULL,
  `is_custom_product` tinyint(1) DEFAULT '0',
  `product_id` int DEFAULT NULL,
  `product_request_id` int DEFAULT NULL,
  `approval_id` int DEFAULT NULL,
  `quantity` int NOT NULL,
  `price` decimal(10,2) NOT NULL,
  `subtotal` decimal(10,2) GENERATED ALWAYS AS ((`quantity` * `price`)) STORED,
  `delete_status` tinyint DEFAULT '0',
  PRIMARY KEY (`order_item_id`),
  KEY `order_id` (`order_id`),
  KEY `product_id` (`product_id`),
  KEY `product_request_id` (`product_request_id`),
  CONSTRAINT `order_items_ibfk_1` FOREIGN KEY (`order_id`) REFERENCES `orders` (`order_id`),
  CONSTRAINT `order_items_ibfk_2` FOREIGN KEY (`product_id`) REFERENCES `products` (`product_id`),
  CONSTRAINT `order_items_ibfk_3` FOREIGN KEY (`product_request_id`) REFERENCES `product_requests` (`request_id`)
) ENGINE=InnoDB AUTO_INCREMENT=45 DEFAULT CHARSET=utf8mb4 COLLATE=utf8mb4_0900_ai_ci;
/*!40101 SET character_set_client = @saved_cs_client */;

--
-- Dumping data for table `order_items`
--

LOCK TABLES `order_items` WRITE;
/*!40000 ALTER TABLE `order_items` DISABLE KEYS */;
INSERT INTO `order_items` (`order_item_id`, `order_id`, `is_custom_product`, `product_id`, `product_request_id`, `approval_id`, `quantity`, `price`, `delete_status`) VALUES (1,5,1,NULL,6,NULL,2,50.00,1),(2,6,1,NULL,6,NULL,2,50.00,0),(3,7,1,NULL,6,NULL,2,50.00,0),(4,8,1,NULL,6,NULL,2,50.00,0),(5,9,1,NULL,6,NULL,2,50.00,0),(6,10,1,NULL,10,NULL,1,0.00,0),(7,11,1,NULL,11,NULL,1,0.00,0),(8,12,1,NULL,12,NULL,1,0.00,0),(9,13,1,NULL,14,NULL,1,0.00,0),(10,14,1,NULL,15,NULL,1,0.00,0),(11,15,1,NULL,16,NULL,2,50.00,0),(12,16,1,NULL,17,NULL,1,0.00,0),(13,17,1,NULL,18,NULL,1,0.00,0),(14,18,1,NULL,20,NULL,1,0.00,0),(15,20,1,NULL,20,NULL,2,50.00,0),(16,21,1,NULL,20,NULL,2,50.00,0),(17,23,1,NULL,21,NULL,2,50.00,0),(18,24,1,NULL,21,NULL,2,50.00,0),(19,25,1,NULL,21,NULL,2,50.00,0),(20,31,1,NULL,21,NULL,21,50.00,0),(21,32,1,NULL,21,NULL,21,50.00,0),(22,33,1,NULL,21,NULL,21,50.00,0),(23,34,1,NULL,21,NULL,21,50.00,0),(24,35,1,NULL,21,NULL,21,50.00,0),(25,36,1,NULL,21,NULL,21,50.00,0),(26,37,1,NULL,21,NULL,21,50.00,0),(27,38,1,NULL,21,NULL,21,50.00,0),(28,39,1,NULL,21,10,21,50.00,0),(29,41,1,NULL,21,10,21,50.00,0),(30,42,1,NULL,21,10,21,50.00,0),(31,54,1,NULL,23,NULL,1,0.00,0),(32,56,1,NULL,21,10,21,50.00,0),(33,57,1,NULL,21,10,21,50.00,0),(34,59,1,NULL,21,10,21,50.00,0),(35,60,1,NULL,21,309,21,50.00,0),(36,73,1,NULL,68,301,1,23.00,0),(37,73,1,NULL,67,308,1,80.00,0),(38,74,1,NULL,74,312,1,10000.00,0),(39,74,1,NULL,73,311,1,75000.00,0),(40,75,1,NULL,77,316,1,300.00,0),(41,75,1,NULL,76,315,1,600.00,0),(42,75,1,NULL,75,313,1,150.00,0),(43,76,1,NULL,79,319,1,550.00,0),(44,76,1,NULL,78,317,1,700.00,0);
/*!40000 ALTER TABLE `order_items` ENABLE KEYS */;
UNLOCK TABLES;

--
-- Table structure for table `order_status`
--

DROP TABLE IF EXISTS `order_status`;
/*!40101 SET @saved_cs_client     = @@character_set_client */;
/*!50503 SET character_set_client = utf8mb4 */;
CREATE TABLE `order_status` (
  `order_status_id` int NOT NULL AUTO_INCREMENT,
  `status_name` varchar(50) NOT NULL,
  PRIMARY KEY (`order_status_id`),
  UNIQUE KEY `status_name` (`status_name`)
) ENGINE=InnoDB AUTO_INCREMENT=9 DEFAULT CHARSET=utf8mb4 COLLATE=utf8mb4_0900_ai_ci;
/*!40101 SET character_set_client = @saved_cs_client */;

--
-- Dumping data for table `order_status`
--

LOCK TABLES `order_status` WRITE;
/*!40000 ALTER TABLE `order_status` DISABLE KEYS */;
INSERT INTO `order_status` VALUES (5,'Canceled'),(4,'Delivered'),(7,'Failed'),(1,'Pending'),(2,'Processed'),(8,'Refunded'),(6,'Returned'),(3,'Shipped');
/*!40000 ALTER TABLE `order_status` ENABLE KEYS */;
UNLOCK TABLES;

--
-- Table structure for table `orders`
--

DROP TABLE IF EXISTS `orders`;
/*!40101 SET @saved_cs_client     = @@character_set_client */;
/*!50503 SET character_set_client = utf8mb4 */;
CREATE TABLE `orders` (
  `order_id` int NOT NULL AUTO_INCREMENT,
  `user_id` int NOT NULL,
  `address_id` int NOT NULL,
  `status` varchar(50) DEFAULT 'Pending',
  `order_status_id` int DEFAULT NULL,
  `scheduled_time` timestamp NULL DEFAULT NULL,
  `subtotal` decimal(10,2) NOT NULL,
  `service_charge` decimal(10,2) DEFAULT '0.00',
  `delivery_charge` decimal(10,2) DEFAULT '0.00',
  `total` decimal(10,2) NOT NULL,
  `created_at` timestamp NULL DEFAULT CURRENT_TIMESTAMP,
  `delete_status` tinyint DEFAULT '0',
  `updated_at` timestamp NULL DEFAULT CURRENT_TIMESTAMP,
  PRIMARY KEY (`order_id`),
  KEY `user_id` (`user_id`),
  KEY `address_id` (`address_id`),
  KEY `fk_order_status` (`order_status_id`),
  CONSTRAINT `fk_order_status` FOREIGN KEY (`order_status_id`) REFERENCES `order_status` (`order_status_id`),
  CONSTRAINT `orders_ibfk_1` FOREIGN KEY (`user_id`) REFERENCES `users` (`user_id`),
  CONSTRAINT `orders_ibfk_2` FOREIGN KEY (`address_id`) REFERENCES `addresses` (`address_id`)
) ENGINE=InnoDB AUTO_INCREMENT=77 DEFAULT CHARSET=utf8mb4 COLLATE=utf8mb4_0900_ai_ci;
/*!40101 SET character_set_client = @saved_cs_client */;

--
-- Dumping data for table `orders`
--

LOCK TABLES `orders` WRITE;
/*!40000 ALTER TABLE `orders` DISABLE KEYS */;
INSERT INTO `orders` VALUES (1,2,1,'Shipped',3,NULL,100.00,10.00,5.00,115.00,'2024-12-15 09:14:52',0,'2024-12-15 09:50:35'),(2,2,1,'Pending',1,NULL,100.00,10.00,5.00,115.00,'2024-12-15 09:16:08',0,'2024-12-15 09:49:28'),(3,2,1,'Pending',1,NULL,100.00,10.00,5.00,115.00,'2024-12-15 09:18:20',0,'2024-12-15 09:49:28'),(4,2,1,'Pending',1,NULL,100.00,10.00,5.00,115.00,'2024-12-15 09:18:35',0,'2024-12-15 09:49:28'),(5,2,1,'Pending',1,NULL,100.00,10.00,5.00,115.00,'2024-12-15 09:19:21',1,'2024-12-15 09:49:28'),(6,2,1,'Pending',1,NULL,100.00,10.00,5.00,115.00,'2024-12-15 09:19:38',0,'2024-12-15 09:49:28'),(7,2,1,'Canceled',5,NULL,100.00,10.00,5.00,115.00,'2024-12-15 09:21:05',0,'2025-03-15 06:03:01'),(8,2,1,'Pending',1,NULL,100.00,10.00,5.00,115.00,'2024-12-15 09:24:07',0,'2024-12-15 09:49:28'),(9,2,1,'Pending',1,NULL,100.00,10.00,5.00,115.00,'2024-12-15 09:25:08',0,'2024-12-15 09:49:28'),(10,5,5,'Pending',1,NULL,0.00,0.00,0.00,0.00,'2025-02-21 04:17:04',0,'2025-02-21 04:17:04'),(11,5,5,'Pending',1,NULL,0.00,0.00,0.00,0.00,'2025-02-21 04:22:47',0,'2025-02-21 04:22:47'),(12,5,5,'Pending',1,NULL,0.00,0.00,0.00,0.00,'2025-02-21 04:27:09',0,'2025-02-21 04:27:09'),(13,10,6,'Pending',1,NULL,0.00,0.00,0.00,0.00,'2025-02-22 12:11:06',0,'2025-02-22 12:11:06'),(14,10,6,'Pending',1,NULL,0.00,0.00,0.00,0.00,'2025-02-23 14:01:59',0,'2025-02-23 14:01:59'),(15,3,1,'Pending',1,NULL,100.00,10.00,5.00,115.00,'2025-02-24 11:02:38',0,'2025-02-24 11:02:38'),(16,5,5,'Pending',1,NULL,0.00,0.00,0.00,0.00,'2025-02-24 11:10:23',0,'2025-02-24 11:10:23'),(17,10,6,'Pending',1,NULL,0.00,0.00,0.00,0.00,'2025-02-25 14:57:44',0,'2025-02-25 14:57:44'),(18,10,6,'Pending',1,NULL,0.00,0.00,0.00,0.00,'2025-02-25 15:17:48',0,'2025-02-25 15:17:48'),(19,2,1,'Pending',1,NULL,100.00,10.00,5.00,115.00,'2025-03-01 13:20:30',0,'2025-03-01 13:20:30'),(20,2,1,'Pending',1,NULL,100.00,10.00,5.00,115.00,'2025-03-01 13:22:06',0,'2025-03-01 13:22:06'),(21,2,1,'Pending',1,NULL,100.00,10.00,5.00,115.00,'2025-03-01 13:23:38',0,'2025-03-01 13:23:38'),(22,2,1,'Pending',1,NULL,100.00,10.00,5.00,115.00,'2025-03-01 13:23:49',0,'2025-03-01 13:23:49'),(23,2,1,'Pending',1,NULL,100.00,10.00,5.00,115.00,'2025-03-01 13:24:02',0,'2025-03-01 13:24:02'),(24,2,1,'Pending',1,NULL,100.00,10.00,5.00,115.00,'2025-03-01 13:25:02',0,'2025-03-01 13:25:02'),(25,2,1,'Pending',1,NULL,100.00,10.00,5.00,115.00,'2025-03-01 13:25:16',0,'2025-03-01 13:25:16'),(26,2,1,'Pending',1,NULL,100.00,10.00,5.00,115.00,'2025-03-01 13:27:33',0,'2025-03-01 13:27:33'),(27,2,1,'Pending',1,NULL,100.00,10.00,5.00,115.00,'2025-03-01 13:29:38',0,'2025-03-01 13:29:38'),(28,2,1,'Pending',1,NULL,100.00,10.00,5.00,115.00,'2025-03-01 13:30:00',0,'2025-03-01 13:30:00'),(29,2,1,'Pending',1,NULL,100.00,10.00,5.00,115.00,'2025-03-01 13:30:09',0,'2025-03-01 13:30:09'),(30,2,1,'Pending',1,NULL,100.00,10.00,5.00,115.00,'2025-03-01 13:30:16',0,'2025-03-01 13:30:16'),(31,2,1,'Pending',1,NULL,100.00,10.00,5.00,115.00,'2025-03-01 13:30:22',0,'2025-03-01 13:30:22'),(32,2,1,'Pending',1,NULL,100.00,10.00,5.00,115.00,'2025-03-01 14:13:46',0,'2025-03-01 14:13:46'),(33,2,1,'Pending',1,NULL,100.00,10.00,5.00,115.00,'2025-03-01 14:23:26',0,'2025-03-01 14:23:26'),(34,2,1,'Pending',1,NULL,100.00,10.00,5.00,115.00,'2025-03-01 14:26:49',0,'2025-03-01 14:26:49'),(35,2,1,'Pending',1,NULL,100.00,10.00,5.00,115.00,'2025-03-01 14:51:38',0,'2025-03-01 14:51:38'),(36,2,1,'Pending',1,NULL,100.00,10.00,5.00,115.00,'2025-03-01 14:52:11',0,'2025-03-01 14:52:11'),(37,2,1,'Pending',1,NULL,100.00,10.00,5.00,115.00,'2025-03-01 15:00:45',0,'2025-03-01 15:00:45'),(38,2,1,'Pending',1,NULL,100.00,10.00,5.00,115.00,'2025-03-01 15:01:21',0,'2025-03-01 15:01:21'),(39,2,1,'Pending',1,NULL,100.00,10.00,5.00,115.00,'2025-03-11 15:52:41',0,'2025-03-12 17:10:32'),(40,5,5,'Pending',NULL,NULL,0.00,0.00,0.00,0.00,'2025-03-13 17:27:52',0,'2025-03-13 17:27:52'),(41,12,1,'Pending',NULL,NULL,100.00,10.00,5.00,115.00,'2025-03-15 05:32:38',0,'2025-03-15 05:32:38'),(42,12,1,'Pending',1,NULL,100.00,10.00,5.00,115.00,'2025-03-15 05:46:12',0,'2025-03-15 05:46:12'),(43,5,5,'Pending',1,NULL,0.00,0.00,0.00,0.00,'2025-03-15 05:47:13',0,'2025-03-15 05:47:13'),(44,5,5,'Pending',1,NULL,0.00,0.00,0.00,0.00,'2025-03-15 05:47:20',0,'2025-03-15 05:47:20'),(45,5,5,'Pending',1,NULL,0.00,0.00,0.00,0.00,'2025-03-15 05:48:02',0,'2025-03-15 05:48:02'),(46,5,5,'Pending',1,NULL,0.00,0.00,0.00,0.00,'2025-03-15 06:24:03',0,'2025-03-15 06:24:03'),(47,5,5,'Pending',1,NULL,0.00,0.00,0.00,0.00,'2025-03-15 06:43:10',0,'2025-03-15 06:43:10'),(48,5,5,'Pending',1,NULL,0.00,0.00,0.00,0.00,'2025-03-15 06:43:37',0,'2025-03-15 06:43:37'),(49,5,5,'Pending',1,NULL,0.00,0.00,0.00,0.00,'2025-03-15 06:44:47',0,'2025-03-15 06:44:47'),(50,5,5,'Pending',1,NULL,0.00,0.00,0.00,0.00,'2025-03-15 06:45:42',0,'2025-03-15 06:45:42'),(51,5,5,'Pending',1,NULL,0.00,0.00,0.00,0.00,'2025-03-15 06:46:47',0,'2025-03-15 06:46:47'),(52,5,5,'Pending',1,NULL,0.00,0.00,0.00,0.00,'2025-03-15 06:50:07',0,'2025-03-15 06:50:07'),(53,5,5,'Pending',1,NULL,0.00,0.00,0.00,0.00,'2025-03-15 06:50:51',0,'2025-03-15 18:09:03'),(54,5,5,'Processed',2,NULL,0.00,0.00,0.00,0.00,'2025-03-16 12:23:40',0,'2025-03-16 13:36:17'),(55,5,5,'Pending',1,NULL,0.00,0.00,0.00,0.00,'2025-03-17 04:08:13',0,'2025-03-17 04:08:13'),(56,5,1,'Pending',1,NULL,100.00,10.00,5.00,115.00,'2025-03-18 15:32:36',0,'2025-03-18 15:32:36'),(57,5,1,'Refunded',8,NULL,100.00,10.00,5.00,115.00,'2025-03-18 15:36:15',0,'2025-03-18 15:52:06'),(58,5,5,'Pending',1,NULL,0.00,0.00,0.00,0.00,'2025-03-19 10:57:25',0,'2025-03-19 10:57:25'),(59,5,1,'Pending',1,NULL,100.00,10.00,5.00,115.00,'2025-03-19 14:39:43',0,'2025-03-19 14:39:43'),(60,5,1,'Pending',1,NULL,100.00,10.00,5.00,115.00,'2025-03-19 14:41:18',0,'2025-03-19 14:41:18'),(61,4,7,'Pending',1,NULL,0.00,0.00,0.00,0.00,'2025-03-19 16:01:33',0,'2025-03-19 16:01:33'),(62,4,7,'Pending',1,NULL,0.00,0.00,0.00,0.00,'2025-03-20 15:52:25',0,'2025-03-20 15:52:25'),(63,4,7,'Pending',1,NULL,0.00,0.00,0.00,0.00,'2025-03-20 15:53:24',0,'2025-03-20 15:53:24'),(64,4,7,'Pending',1,NULL,0.00,0.00,0.00,0.00,'2025-03-20 15:54:33',0,'2025-03-20 15:54:33'),(65,4,7,'Pending',1,NULL,0.00,0.00,0.00,0.00,'2025-03-20 15:55:24',0,'2025-03-20 15:55:24'),(66,4,7,'Pending',1,NULL,0.00,0.00,0.00,0.00,'2025-03-20 15:57:51',0,'2025-03-20 15:57:51'),(67,4,7,'Pending',1,NULL,0.00,0.00,0.00,0.00,'2025-03-20 15:59:31',0,'2025-03-20 15:59:31'),(68,4,7,'Pending',1,NULL,0.00,0.00,0.00,0.00,'2025-03-20 15:59:43',0,'2025-03-20 15:59:43'),(69,4,7,'Pending',1,NULL,0.00,0.00,0.00,0.00,'2025-03-20 16:02:56',0,'2025-03-20 16:02:56'),(70,12,7,'Pending',1,NULL,0.00,0.00,0.00,0.00,'2025-03-20 16:09:25',0,'2025-03-20 16:09:25'),(71,4,7,'Pending',1,NULL,0.00,0.00,0.00,0.00,'2025-03-20 16:09:55',0,'2025-03-20 16:09:55'),(72,4,7,'Pending',1,NULL,0.00,0.00,0.00,0.00,'2025-03-20 16:12:19',0,'2025-03-20 16:12:19'),(73,4,7,'Processed',2,NULL,0.00,0.00,0.00,0.00,'2025-03-21 06:18:46',0,'2025-03-21 07:07:54'),(74,4,7,'Pending',1,NULL,0.00,0.00,0.00,0.00,'2025-03-21 12:16:50',0,'2025-03-21 12:16:50'),(75,4,7,'Delivered',4,NULL,0.00,0.00,0.00,0.00,'2025-03-21 17:50:24',0,'2025-03-21 17:52:49'),(76,4,7,'Pending',1,NULL,0.00,0.00,0.00,0.00,'2025-03-24 06:28:21',0,'2025-03-24 06:28:21');
/*!40000 ALTER TABLE `orders` ENABLE KEYS */;
UNLOCK TABLES;

--
-- Table structure for table `product_request_approvals`
--

DROP TABLE IF EXISTS `product_request_approvals`;
/*!40101 SET @saved_cs_client     = @@character_set_client */;
/*!50503 SET character_set_client = utf8mb4 */;
CREATE TABLE `product_request_approvals` (
  `approval_id` int NOT NULL AUTO_INCREMENT,
  `request_id` int NOT NULL,
  `approved_by` int NOT NULL,
  `approved_size` varchar(50) DEFAULT NULL,
  `approved_color` varchar(50) DEFAULT NULL,
  `approved_price` decimal(10,2) NOT NULL,
  `created_at` timestamp NULL DEFAULT CURRENT_TIMESTAMP,
  `updated_at` timestamp NULL DEFAULT CURRENT_TIMESTAMP ON UPDATE CURRENT_TIMESTAMP,
  `delete_status` tinyint DEFAULT '0',
  PRIMARY KEY (`approval_id`)
) ENGINE=InnoDB AUTO_INCREMENT=320 DEFAULT CHARSET=utf8mb4 COLLATE=utf8mb4_0900_ai_ci;
/*!40101 SET character_set_client = @saved_cs_client */;

--
-- Dumping data for table `product_request_approvals`
--

LOCK TABLES `product_request_approvals` WRITE;
/*!40000 ALTER TABLE `product_request_approvals` DISABLE KEYS */;
INSERT INTO `product_request_approvals` VALUES (3,20,2,'L','Red',19.99,'2025-03-01 13:21:47','2025-03-01 13:21:47',0),(6,23,2,'L','Blue',17.99,'2025-03-01 15:11:17','2025-03-01 15:11:17',0),(7,23,2,'M','Red',15.99,'2025-03-01 15:11:17','2025-03-01 15:11:17',0),(8,22,3,'L','Blue',17.99,'2025-03-15 07:28:00','2025-03-15 07:28:00',0),(9,22,3,'M','Red',15.99,'2025-03-15 07:28:00','2025-03-15 07:28:00',0),(23,27,3,'Small','Red',400.00,'2025-03-17 14:47:10','2025-03-17 14:47:10',0),(24,27,3,'Large','red',450.00,'2025-03-17 14:47:10','2025-03-17 14:47:10',0),(25,27,3,'Large','red',450.00,'2025-03-17 14:52:29','2025-03-17 14:52:29',0),(26,27,3,'Small','Red',400.00,'2025-03-17 14:52:29','2025-03-17 14:52:29',0),(27,27,3,'Small','Red',400.00,'2025-03-17 14:53:38','2025-03-17 14:53:38',0),(28,27,3,'Large','red',450.00,'2025-03-17 14:53:38','2025-03-17 14:53:38',0),(29,27,3,'Large','red',450.00,'2025-03-17 14:53:38','2025-03-17 14:53:38',0),(30,27,3,'Small','Red',400.00,'2025-03-17 14:53:38','2025-03-17 14:53:38',0),(31,27,3,'Small','Red',400.00,'2025-03-17 14:53:57','2025-03-17 14:53:57',0),(32,27,3,'Large','red',450.00,'2025-03-17 14:53:57','2025-03-17 14:53:57',0),(33,27,3,'Large','red',450.00,'2025-03-17 14:53:57','2025-03-17 14:53:57',0),(34,27,3,'Small','Red',400.00,'2025-03-17 14:53:57','2025-03-17 14:53:57',0),(35,27,3,'Small','Red',400.00,'2025-03-17 14:53:57','2025-03-17 14:53:57',0),(36,27,3,'Large','red',450.00,'2025-03-17 14:53:57','2025-03-17 14:53:57',0),(37,27,3,'Large','red',450.00,'2025-03-17 14:53:57','2025-03-17 14:53:57',0),(38,27,3,'Small','Red',400.00,'2025-03-17 14:53:57','2025-03-17 14:53:57',0),(39,27,3,'Small','Red',400.00,'2025-03-17 14:54:13','2025-03-17 14:54:13',0),(40,27,3,'Large','red',450.00,'2025-03-17 14:54:13','2025-03-17 14:54:13',0),(41,27,3,'Large','red',450.00,'2025-03-17 14:54:13','2025-03-17 14:54:13',0),(42,27,3,'Small','Red',400.00,'2025-03-17 14:54:13','2025-03-17 14:54:13',0),(43,27,3,'Small','Red',400.00,'2025-03-17 14:54:13','2025-03-17 14:54:13',0),(44,27,3,'Large','red',450.00,'2025-03-17 14:54:13','2025-03-17 14:54:13',0),(45,27,3,'Large','red',450.00,'2025-03-17 14:54:13','2025-03-17 14:54:13',0),(46,27,3,'Small','Red',400.00,'2025-03-17 14:54:13','2025-03-17 14:54:13',0),(47,27,3,'Small','Red',400.00,'2025-03-17 14:54:13','2025-03-17 14:54:13',0),(48,27,3,'Large','red',450.00,'2025-03-17 14:54:13','2025-03-17 14:54:13',0),(49,27,3,'Large','red',450.00,'2025-03-17 14:54:13','2025-03-17 14:54:13',0),(50,27,3,'Small','Red',400.00,'2025-03-17 14:54:13','2025-03-17 14:54:13',0),(51,27,3,'Small','Red',400.00,'2025-03-17 14:54:13','2025-03-17 14:54:13',0),(52,27,3,'Large','red',450.00,'2025-03-17 14:54:13','2025-03-17 14:54:13',0),(53,27,3,'Large','red',450.00,'2025-03-17 14:54:13','2025-03-17 14:54:13',0),(54,27,3,'Small','Red',400.00,'2025-03-17 14:54:13','2025-03-17 14:54:13',0),(55,27,3,'Small','Red',400.00,'2025-03-17 14:56:04','2025-03-17 14:56:04',0),(56,27,3,'Large','red',450.00,'2025-03-17 14:56:04','2025-03-17 14:56:04',0),(57,27,3,'Large','red',450.00,'2025-03-17 14:56:04','2025-03-17 14:56:04',0),(58,27,3,'Small','Red',400.00,'2025-03-17 14:56:04','2025-03-17 14:56:04',0),(59,27,3,'Small','Red',400.00,'2025-03-17 14:56:04','2025-03-17 14:56:04',0),(60,27,3,'Large','red',450.00,'2025-03-17 14:56:04','2025-03-17 14:56:04',0),(61,27,3,'Large','red',450.00,'2025-03-17 14:56:04','2025-03-17 14:56:04',0),(62,27,3,'Small','Red',400.00,'2025-03-17 14:56:04','2025-03-17 14:56:04',0),(63,27,3,'Small','Red',400.00,'2025-03-17 14:56:04','2025-03-17 14:56:04',0),(64,27,3,'Large','red',450.00,'2025-03-17 14:56:04','2025-03-17 14:56:04',0),(65,27,3,'Large','red',450.00,'2025-03-17 14:56:04','2025-03-17 14:56:04',0),(66,27,3,'Small','Red',400.00,'2025-03-17 14:56:04','2025-03-17 14:56:04',0),(67,27,3,'Small','Red',400.00,'2025-03-17 14:56:04','2025-03-17 14:56:04',0),(68,27,3,'Large','red',450.00,'2025-03-17 14:56:04','2025-03-17 14:56:04',0),(69,27,3,'Large','red',450.00,'2025-03-17 14:56:04','2025-03-17 14:56:04',0),(70,27,3,'Small','Red',400.00,'2025-03-17 14:56:04','2025-03-17 14:56:04',0),(71,27,3,'Small','Red',400.00,'2025-03-17 14:56:04','2025-03-17 14:56:04',0),(72,27,3,'Large','red',450.00,'2025-03-17 14:56:04','2025-03-17 14:56:04',0),(73,27,3,'Large','red',450.00,'2025-03-17 14:56:04','2025-03-17 14:56:04',0),(74,27,3,'Small','Red',400.00,'2025-03-17 14:56:04','2025-03-17 14:56:04',0),(75,27,3,'Small','Red',400.00,'2025-03-17 14:56:04','2025-03-17 14:56:04',0),(76,27,3,'Large','red',450.00,'2025-03-17 14:56:04','2025-03-17 14:56:04',0),(77,27,3,'Large','red',450.00,'2025-03-17 14:56:04','2025-03-17 14:56:04',0),(78,27,3,'Small','Red',400.00,'2025-03-17 14:56:04','2025-03-17 14:56:04',0),(79,27,3,'Small','Red',400.00,'2025-03-17 14:56:04','2025-03-17 14:56:04',0),(80,27,3,'Large','red',450.00,'2025-03-17 14:56:04','2025-03-17 14:56:04',0),(81,27,3,'Large','red',450.00,'2025-03-17 14:56:04','2025-03-17 14:56:04',0),(82,27,3,'Small','Red',400.00,'2025-03-17 14:56:04','2025-03-17 14:56:04',0),(83,27,3,'Small','Red',400.00,'2025-03-17 14:56:04','2025-03-17 14:56:04',0),(84,27,3,'Large','red',450.00,'2025-03-17 14:56:04','2025-03-17 14:56:04',0),(85,27,3,'Large','red',450.00,'2025-03-17 14:56:04','2025-03-17 14:56:04',0),(86,27,3,'SmallSS','Red',400.00,'2025-03-17 14:56:04','2025-03-17 14:56:04',0),(87,28,3,'WD','WSD',78.00,'2025-03-17 15:04:40','2025-03-17 15:04:40',0),(88,27,3,'Large','red',450.00,'2025-03-17 15:05:58','2025-03-17 15:05:58',0),(89,27,3,'Large','red',450.00,'2025-03-17 15:06:17','2025-03-17 15:06:17',0),(90,27,3,'SmallSS','Red',400.00,'2025-03-17 15:06:17','2025-03-17 15:06:17',0),(91,27,3,'Large','red',450.00,'2025-03-17 15:06:17','2025-03-17 15:06:17',0),(92,27,3,'Large','red',450.00,'2025-03-17 15:06:17','2025-03-17 15:06:17',0),(93,27,3,'Small','Red',400.00,'2025-03-17 15:06:17','2025-03-17 15:06:17',0),(94,27,3,'Small','Red',400.00,'2025-03-17 15:06:17','2025-03-17 15:06:17',0),(95,27,3,'Large','red',450.00,'2025-03-17 15:06:17','2025-03-17 15:06:17',0),(96,27,3,'Large','red',450.00,'2025-03-17 15:06:17','2025-03-17 15:06:17',0),(97,27,3,'Small','Red',400.00,'2025-03-17 15:06:17','2025-03-17 15:06:17',0),(98,27,3,'Small','Red',400.00,'2025-03-17 15:06:17','2025-03-17 15:06:17',0),(99,27,3,'Large','red',450.00,'2025-03-17 15:06:17','2025-03-17 15:06:17',0),(100,27,3,'Large','red',450.00,'2025-03-17 15:06:17','2025-03-17 15:06:17',0),(101,27,3,'Small','Red',400.00,'2025-03-17 15:06:17','2025-03-17 15:06:17',0),(102,27,3,'Small','Red',400.00,'2025-03-17 15:06:17','2025-03-17 15:06:17',0),(103,27,3,'Large','red',450.00,'2025-03-17 15:06:17','2025-03-17 15:06:17',0),(104,27,3,'Large','red',450.00,'2025-03-17 15:06:17','2025-03-17 15:06:17',0),(105,27,3,'Small','Red',400.00,'2025-03-17 15:06:17','2025-03-17 15:06:17',0),(106,27,3,'Small','Red',400.00,'2025-03-17 15:06:17','2025-03-17 15:06:17',0),(107,27,3,'Large','red',450.00,'2025-03-17 15:06:17','2025-03-17 15:06:17',0),(108,27,3,'Large','red',450.00,'2025-03-17 15:06:17','2025-03-17 15:06:17',0),(109,27,3,'Small','Red',400.00,'2025-03-17 15:06:17','2025-03-17 15:06:17',0),(110,27,3,'Small','Red',400.00,'2025-03-17 15:06:17','2025-03-17 15:06:17',0),(111,27,3,'Large','red',450.00,'2025-03-17 15:06:17','2025-03-17 15:06:17',0),(112,27,3,'Large','red',450.00,'2025-03-17 15:06:17','2025-03-17 15:06:17',0),(113,27,3,'Small','Red',400.00,'2025-03-17 15:06:17','2025-03-17 15:06:17',0),(114,27,3,'Small','Red',400.00,'2025-03-17 15:06:17','2025-03-17 15:06:17',0),(115,27,3,'Large','red',450.00,'2025-03-17 15:06:17','2025-03-17 15:06:17',0),(116,27,3,'Large','red',450.00,'2025-03-17 15:06:17','2025-03-17 15:06:17',0),(117,27,3,'Small','Red',400.00,'2025-03-17 15:06:17','2025-03-17 15:06:17',0),(118,27,3,'Small','Red',400.00,'2025-03-17 15:06:17','2025-03-17 15:06:17',0),(119,27,3,'Large','red',450.00,'2025-03-17 15:06:17','2025-03-17 15:06:17',0),(120,27,3,'Large','red',450.00,'2025-03-17 15:06:17','2025-03-17 15:06:17',0),(121,27,3,'Small','Red',400.00,'2025-03-17 15:06:17','2025-03-17 15:06:17',0),(122,27,3,'Small','Red',400.00,'2025-03-17 15:06:17','2025-03-17 15:06:17',0),(123,27,3,'Large','red',450.00,'2025-03-17 15:06:17','2025-03-17 15:06:17',0),(124,27,3,'Large','red',450.00,'2025-03-17 15:06:17','2025-03-17 15:06:17',0),(125,27,3,'Small','Red',400.00,'2025-03-17 15:06:17','2025-03-17 15:06:17',0),(126,27,3,'Small','Red',400.00,'2025-03-17 15:06:17','2025-03-17 15:06:17',0),(127,27,3,'Large','red',450.00,'2025-03-17 15:06:17','2025-03-17 15:06:17',0),(128,27,3,'Large','red',450.00,'2025-03-17 15:06:17','2025-03-17 15:06:17',0),(129,27,3,'Small','Red',400.00,'2025-03-17 15:06:17','2025-03-17 15:06:17',0),(130,27,3,'Small','Red',400.00,'2025-03-17 15:06:17','2025-03-17 15:06:17',0),(131,27,3,'Large','red',450.00,'2025-03-17 15:06:17','2025-03-17 15:06:17',0),(132,27,3,'Large','red',450.00,'2025-03-17 15:06:17','2025-03-17 15:06:17',0),(133,27,3,'Small','Red',400.00,'2025-03-17 15:06:17','2025-03-17 15:06:17',0),(134,27,3,'Small','Red',400.00,'2025-03-17 15:06:17','2025-03-17 15:06:17',0),(135,27,3,'Large','red',450.00,'2025-03-17 15:06:17','2025-03-17 15:06:17',0),(136,27,3,'Large','red',450.00,'2025-03-17 15:06:17','2025-03-17 15:06:17',0),(137,27,3,'Small','Red',400.00,'2025-03-17 15:06:17','2025-03-17 15:06:17',0),(138,27,3,'Small','Red',400.00,'2025-03-17 15:06:17','2025-03-17 15:06:17',0),(139,27,3,'Large','red',450.00,'2025-03-17 15:06:17','2025-03-17 15:06:17',0),(140,27,3,'Large','red',450.00,'2025-03-17 15:06:17','2025-03-17 15:06:17',0),(141,27,3,'Small','Red',400.00,'2025-03-17 15:06:17','2025-03-17 15:06:17',0),(142,27,3,'Small','Red',400.00,'2025-03-17 15:06:17','2025-03-17 15:06:17',0),(143,27,3,'Large','red',450.00,'2025-03-17 15:06:17','2025-03-17 15:06:17',0),(144,27,3,'Large','red',450.00,'2025-03-17 15:06:17','2025-03-17 15:06:17',0),(145,27,3,'Small','Red',400.00,'2025-03-17 15:06:17','2025-03-17 15:06:17',0),(146,27,3,'Small','Red',400.00,'2025-03-17 15:06:17','2025-03-17 15:06:17',0),(147,27,3,'Large','red',450.00,'2025-03-17 15:06:17','2025-03-17 15:06:17',0),(148,27,3,'Large','red',450.00,'2025-03-17 15:06:17','2025-03-17 15:06:17',0),(149,27,3,'Small','Red',400.00,'2025-03-17 15:06:17','2025-03-17 15:06:17',0),(150,27,3,'Small','Red',400.00,'2025-03-17 15:06:17','2025-03-17 15:06:17',0),(151,27,3,'Large','red',450.00,'2025-03-17 15:06:17','2025-03-17 15:06:17',0),(152,27,3,'Large','red',450.00,'2025-03-17 15:06:17','2025-03-17 15:06:17',0),(153,27,3,'Smalls','Red',400.00,'2025-03-17 15:06:17','2025-03-17 15:06:17',0),(154,28,3,'WD','WSD',7888.00,'2025-03-17 15:06:38','2025-03-17 15:06:38',0),(155,28,3,'wd','wd',544.00,'2025-03-17 15:07:23','2025-03-17 15:07:23',0),(156,28,3,'WD','WSD',7888.00,'2025-03-17 15:07:23','2025-03-17 15:07:23',0),(157,28,3,'WD','WSD',78.00,'2025-03-17 15:07:23','2025-03-17 15:07:23',0),(158,27,3,'Smalls','Red',400.00,'2025-03-17 15:10:05','2025-03-17 15:10:05',0),(159,27,3,'Large','red',450.00,'2025-03-17 15:10:05','2025-03-17 15:10:05',0),(160,27,3,'Large','red',450.00,'2025-03-17 15:10:05','2025-03-17 15:10:05',0),(161,27,3,'Small','Red',400.00,'2025-03-17 15:10:05','2025-03-17 15:10:05',0),(162,27,3,'Small','Red',400.00,'2025-03-17 15:10:05','2025-03-17 15:10:05',0),(163,27,3,'Large','red',450.00,'2025-03-17 15:10:05','2025-03-17 15:10:05',0),(164,27,3,'Large','red',450.00,'2025-03-17 15:10:05','2025-03-17 15:10:05',0),(165,27,3,'Small','Red',400.00,'2025-03-17 15:10:05','2025-03-17 15:10:05',0),(166,27,3,'Small','Red',400.00,'2025-03-17 15:10:05','2025-03-17 15:10:05',0),(167,27,3,'Large','red',450.00,'2025-03-17 15:10:05','2025-03-17 15:10:05',0),(168,27,3,'Large','red',450.00,'2025-03-17 15:10:05','2025-03-17 15:10:05',0),(169,27,3,'Small','Red',400.00,'2025-03-17 15:10:05','2025-03-17 15:10:05',0),(170,27,3,'Small','Red',400.00,'2025-03-17 15:10:05','2025-03-17 15:10:05',0),(171,27,3,'Large','red',450.00,'2025-03-17 15:10:05','2025-03-17 15:10:05',0),(172,27,3,'Large','red',450.00,'2025-03-17 15:10:05','2025-03-17 15:10:05',0),(173,27,3,'Small','Red',400.00,'2025-03-17 15:10:05','2025-03-17 15:10:05',0),(174,27,3,'Small','Red',400.00,'2025-03-17 15:10:05','2025-03-17 15:10:05',0),(175,27,3,'Large','red',450.00,'2025-03-17 15:10:05','2025-03-17 15:10:05',0),(176,27,3,'Large','red',450.00,'2025-03-17 15:10:05','2025-03-17 15:10:05',0),(177,27,3,'Small','Red',400.00,'2025-03-17 15:10:05','2025-03-17 15:10:05',0),(178,27,3,'Small','Red',400.00,'2025-03-17 15:10:05','2025-03-17 15:10:05',0),(179,27,3,'Large','red',450.00,'2025-03-17 15:10:05','2025-03-17 15:10:05',0),(180,27,3,'Large','red',450.00,'2025-03-17 15:10:05','2025-03-17 15:10:05',0),(181,27,3,'Small','Red',400.00,'2025-03-17 15:10:05','2025-03-17 15:10:05',0),(182,27,3,'Small','Red',400.00,'2025-03-17 15:10:05','2025-03-17 15:10:05',0),(183,27,3,'Large','red',450.00,'2025-03-17 15:10:05','2025-03-17 15:10:05',0),(184,27,3,'Large','red',450.00,'2025-03-17 15:10:05','2025-03-17 15:10:05',0),(185,27,3,'Small','Red',400.00,'2025-03-17 15:10:05','2025-03-17 15:10:05',0),(186,27,3,'Small','Red',400.00,'2025-03-17 15:10:05','2025-03-17 15:10:05',0),(187,27,3,'Large','red',450.00,'2025-03-17 15:10:05','2025-03-17 15:10:05',0),(188,27,3,'Large','red',450.00,'2025-03-17 15:10:05','2025-03-17 15:10:05',0),(189,27,3,'Small','Red',400.00,'2025-03-17 15:10:05','2025-03-17 15:10:05',0),(190,27,3,'Small','Red',400.00,'2025-03-17 15:10:05','2025-03-17 15:10:05',0),(191,27,3,'Large','red',450.00,'2025-03-17 15:10:05','2025-03-17 15:10:05',0),(192,27,3,'Large','red',450.00,'2025-03-17 15:10:05','2025-03-17 15:10:05',0),(193,27,3,'Small','Red',400.00,'2025-03-17 15:10:05','2025-03-17 15:10:05',0),(194,27,3,'Small','Red',400.00,'2025-03-17 15:10:05','2025-03-17 15:10:05',0),(195,27,3,'Large','red',450.00,'2025-03-17 15:10:05','2025-03-17 15:10:05',0),(196,27,3,'Large','red',450.00,'2025-03-17 15:10:05','2025-03-17 15:10:05',0),(197,27,3,'Small','Red',400.00,'2025-03-17 15:10:05','2025-03-17 15:10:05',0),(198,27,3,'Small','Red',400.00,'2025-03-17 15:10:05','2025-03-17 15:10:05',0),(199,27,3,'Large','red',450.00,'2025-03-17 15:10:05','2025-03-17 15:10:05',0),(200,27,3,'Large','red',450.00,'2025-03-17 15:10:05','2025-03-17 15:10:05',0),(201,27,3,'Small','Red',400.00,'2025-03-17 15:10:05','2025-03-17 15:10:05',0),(202,27,3,'Small','Red',400.00,'2025-03-17 15:10:05','2025-03-17 15:10:05',0),(203,27,3,'Large','red',450.00,'2025-03-17 15:10:05','2025-03-17 15:10:05',0),(204,27,3,'Large','red',450.00,'2025-03-17 15:10:05','2025-03-17 15:10:05',0),(205,27,3,'Small','Red',400.00,'2025-03-17 15:10:05','2025-03-17 15:10:05',0),(206,27,3,'Small','Red',400.00,'2025-03-17 15:10:05','2025-03-17 15:10:05',0),(207,27,3,'Large','red',450.00,'2025-03-17 15:10:05','2025-03-17 15:10:05',0),(208,27,3,'Large','red',450.00,'2025-03-17 15:10:05','2025-03-17 15:10:05',0),(209,27,3,'Small','Red',400.00,'2025-03-17 15:10:05','2025-03-17 15:10:05',0),(210,27,3,'Small','Red',400.00,'2025-03-17 15:10:05','2025-03-17 15:10:05',0),(211,27,3,'Large','red',450.00,'2025-03-17 15:10:05','2025-03-17 15:10:05',0),(212,27,3,'Large','red',450.00,'2025-03-17 15:10:05','2025-03-17 15:10:05',0),(213,27,3,'Small','Red',400.00,'2025-03-17 15:10:05','2025-03-17 15:10:05',0),(214,27,3,'Small','Red',400.00,'2025-03-17 15:10:05','2025-03-17 15:10:05',0),(215,27,3,'Large','red',450.00,'2025-03-17 15:10:05','2025-03-17 15:10:05',0),(216,27,3,'Large','red',450.00,'2025-03-17 15:10:05','2025-03-17 15:10:05',0),(217,27,3,'Small','Red',400.00,'2025-03-17 15:10:05','2025-03-17 15:10:05',0),(218,27,3,'Small','Red',400.00,'2025-03-17 15:10:05','2025-03-17 15:10:05',0),(219,27,3,'Large','red',450.00,'2025-03-17 15:10:05','2025-03-17 15:10:05',0),(220,27,3,'Large','red',450.00,'2025-03-17 15:10:05','2025-03-17 15:10:05',0),(221,27,3,'SmallSS','Red',400.00,'2025-03-17 15:10:05','2025-03-17 15:10:05',0),(222,27,3,'Large','red',450.00,'2025-03-17 15:10:05','2025-03-17 15:10:05',0),(223,27,3,'Large','red',450.00,'2025-03-17 15:10:05','2025-03-17 15:10:05',0),(224,27,3,'SmallSS','Red',400.00,'2025-03-17 15:10:05','2025-03-17 15:10:05',0),(225,27,3,'Large','red',450.00,'2025-03-17 15:10:05','2025-03-17 15:10:05',0),(226,27,3,'Large','red',450.00,'2025-03-17 15:10:05','2025-03-17 15:10:05',0),(227,27,3,'Small','Red',400.00,'2025-03-17 15:10:05','2025-03-17 15:10:05',0),(228,27,3,'Small','Red',400.00,'2025-03-17 15:10:05','2025-03-17 15:10:05',0),(229,27,3,'Large','red',450.00,'2025-03-17 15:10:05','2025-03-17 15:10:05',0),(230,27,3,'Large','red',450.00,'2025-03-17 15:10:05','2025-03-17 15:10:05',0),(231,27,3,'Small','Red',400.00,'2025-03-17 15:10:05','2025-03-17 15:10:05',0),(232,27,3,'Small','Red',400.00,'2025-03-17 15:10:05','2025-03-17 15:10:05',0),(233,27,3,'Large','red',450.00,'2025-03-17 15:10:05','2025-03-17 15:10:05',0),(234,27,3,'Large','red',450.00,'2025-03-17 15:10:05','2025-03-17 15:10:05',0),(235,27,3,'Small','Red',400.00,'2025-03-17 15:10:05','2025-03-17 15:10:05',0),(236,27,3,'Small','Red',400.00,'2025-03-17 15:10:05','2025-03-17 15:10:05',0),(237,27,3,'Large','red',450.00,'2025-03-17 15:10:05','2025-03-17 15:10:05',0),(238,27,3,'Large','red',450.00,'2025-03-17 15:10:05','2025-03-17 15:10:05',0),(239,27,3,'Small','Red',400.00,'2025-03-17 15:10:05','2025-03-17 15:10:05',0),(240,27,3,'Small','Red',400.00,'2025-03-17 15:10:05','2025-03-17 15:10:05',0),(241,27,3,'Large','red',450.00,'2025-03-17 15:10:05','2025-03-17 15:10:05',0),(242,27,3,'Large','red',450.00,'2025-03-17 15:10:05','2025-03-17 15:10:05',0),(243,27,3,'Small','Red',400.00,'2025-03-17 15:10:05','2025-03-17 15:10:05',0),(244,27,3,'Small','Red',400.00,'2025-03-17 15:10:05','2025-03-17 15:10:05',0),(245,27,3,'Large','red',450.00,'2025-03-17 15:10:05','2025-03-17 15:10:05',0),(246,27,3,'Large','red',450.00,'2025-03-17 15:10:05','2025-03-17 15:10:05',0),(247,27,3,'Small','Red',400.00,'2025-03-17 15:10:05','2025-03-17 15:10:05',0),(248,27,3,'Small','Red',400.00,'2025-03-17 15:10:05','2025-03-17 15:10:05',0),(249,27,3,'Large','red',450.00,'2025-03-17 15:10:05','2025-03-17 15:10:05',0),(250,27,3,'Large','red',450.00,'2025-03-17 15:10:05','2025-03-17 15:10:05',0),(251,27,3,'Small','Red',400.00,'2025-03-17 15:10:05','2025-03-17 15:10:05',0),(252,27,3,'Small','Red',400.00,'2025-03-17 15:10:05','2025-03-17 15:10:05',0),(253,27,3,'Large','red',450.00,'2025-03-17 15:10:05','2025-03-17 15:10:05',0),(254,27,3,'Large','red',450.00,'2025-03-17 15:10:05','2025-03-17 15:10:05',0),(255,27,3,'Small','Red',400.00,'2025-03-17 15:10:05','2025-03-17 15:10:05',0),(256,27,3,'Small','Red',400.00,'2025-03-17 15:10:05','2025-03-17 15:10:05',0),(257,27,3,'Large','red',450.00,'2025-03-17 15:10:05','2025-03-17 15:10:05',0),(258,27,3,'Large','red',450.00,'2025-03-17 15:10:05','2025-03-17 15:10:05',0),(259,27,3,'Small','Red',400.00,'2025-03-17 15:10:05','2025-03-17 15:10:05',0),(260,27,3,'Small','Red',400.00,'2025-03-17 15:10:05','2025-03-17 15:10:05',0),(261,27,3,'Large','red',450.00,'2025-03-17 15:10:05','2025-03-17 15:10:05',0),(262,27,3,'Large','red',450.00,'2025-03-17 15:10:05','2025-03-17 15:10:05',0),(263,27,3,'Small','Red',400.00,'2025-03-17 15:10:05','2025-03-17 15:10:05',0),(264,27,3,'Small','Red',400.00,'2025-03-17 15:10:05','2025-03-17 15:10:05',0),(265,27,3,'Large','red',450.00,'2025-03-17 15:10:05','2025-03-17 15:10:05',0),(266,27,3,'Large','red',450.00,'2025-03-17 15:10:05','2025-03-17 15:10:05',0),(267,27,3,'Small','Red',400.00,'2025-03-17 15:10:05','2025-03-17 15:10:05',0),(268,27,3,'Small','Red',400.00,'2025-03-17 15:10:05','2025-03-17 15:10:05',0),(269,27,3,'Large','red',450.00,'2025-03-17 15:10:05','2025-03-17 15:10:05',0),(270,27,3,'Large','red',450.00,'2025-03-17 15:10:05','2025-03-17 15:10:05',0),(271,27,3,'Small','Red',400.00,'2025-03-17 15:10:05','2025-03-17 15:10:05',0),(272,27,3,'Small','Red',400.00,'2025-03-17 15:10:05','2025-03-17 15:10:05',0),(273,27,3,'Large','red',450.00,'2025-03-17 15:10:05','2025-03-17 15:10:05',0),(274,27,3,'Large','red',450.00,'2025-03-17 15:10:05','2025-03-17 15:10:05',0),(275,27,3,'Small','Red',400.00,'2025-03-17 15:10:05','2025-03-17 15:10:05',0),(276,27,3,'Small','Red',400.00,'2025-03-17 15:10:05','2025-03-17 15:10:05',0),(277,27,3,'Large','red',450.00,'2025-03-17 15:10:05','2025-03-17 15:10:05',0),(278,27,3,'Large','red',450.00,'2025-03-17 15:10:05','2025-03-17 15:10:05',0),(279,27,3,'Small','Red',400.00,'2025-03-17 15:10:05','2025-03-17 15:10:05',0),(280,27,3,'Small','Red',400.00,'2025-03-17 15:10:05','2025-03-17 15:10:05',0),(281,27,3,'Large','red',450.00,'2025-03-17 15:10:05','2025-03-17 15:10:05',0),(282,27,3,'Large','red',450.00,'2025-03-17 15:10:05','2025-03-17 15:10:05',0),(283,27,3,'Small','Red',400.00,'2025-03-17 15:10:05','2025-03-17 15:10:05',0),(284,27,3,'Small','Red',400.00,'2025-03-17 15:10:05','2025-03-17 15:10:05',0),(285,27,3,'Large','red',450.00,'2025-03-17 15:10:05','2025-03-17 15:10:05',0),(286,28,3,'WD','WSD',78.00,'2025-03-17 15:10:19','2025-03-17 15:10:19',0),(287,28,3,'WD','WSD',7888.00,'2025-03-17 15:10:19','2025-03-17 15:10:19',0),(288,28,3,'wd','wd',544.00,'2025-03-17 15:10:19','2025-03-17 15:10:19',0),(289,28,3,'wd','wd',544.00,'2025-03-17 15:10:47','2025-03-17 15:10:47',0),(290,28,3,'WD','WSD',7888.00,'2025-03-17 15:10:47','2025-03-17 15:10:47',0),(291,28,3,'WD','WSD',78.00,'2025-03-17 15:10:47','2025-03-17 15:10:47',0),(292,28,3,'WD','WSD',78.00,'2025-03-17 15:10:47','2025-03-17 15:10:47',0),(293,28,3,'WD','WSD',7888.00,'2025-03-17 15:10:47','2025-03-17 15:10:47',0),(294,28,3,'wd','wd',544.00,'2025-03-17 15:10:47','2025-03-17 15:10:47',0),(295,28,3,'WD','WSD',7888.00,'2025-03-17 15:10:47','2025-03-17 15:10:47',0),(296,28,3,'WD','WSD',78.00,'2025-03-17 15:10:47','2025-03-17 15:10:47',0),(301,68,3,'small','red',23.00,'2025-03-18 15:07:07','2025-03-18 15:07:07',0),(302,57,2,'L','Blue',17.99,'2025-03-18 15:27:30','2025-03-18 15:27:30',0),(303,57,2,'M','Red',15.99,'2025-03-18 15:27:30','2025-03-18 15:27:30',0),(305,66,3,'M','Red',600.00,'2025-03-18 15:28:00','2025-03-18 15:28:00',0),(307,21,3,'M','Red',10009.00,'2025-03-19 13:46:52','2025-03-19 13:46:52',0),(308,67,3,'Medium','black',80.00,'2025-03-19 13:50:21','2025-03-19 13:50:21',0),(309,67,3,'big','black',90.00,'2025-03-19 13:50:21','2025-03-19 13:50:21',0),(310,73,3,'4/256','red',68000.00,'2025-03-21 12:15:54','2025-03-21 12:15:54',0),(311,73,3,'4/256','black',75000.00,'2025-03-21 12:15:54','2025-03-21 12:15:54',0),(312,74,3,'6/128','red',10000.00,'2025-03-21 12:16:07','2025-03-21 12:16:07',0),(313,75,3,'small','black',150.00,'2025-03-21 17:39:06','2025-03-21 17:39:06',0),(314,75,3,'large','black',200.00,'2025-03-21 17:39:06','2025-03-21 17:39:06',0),(315,76,3,'Large','white',600.00,'2025-03-21 17:39:16','2025-03-21 17:39:16',0),(316,77,3,'Small','Red',300.00,'2025-03-21 17:39:25','2025-03-21 17:39:25',0),(317,78,3,'Large','blue',700.00,'2025-03-24 06:27:41','2025-03-24 06:27:41',0),(318,78,3,'Medium','blue with line',700.00,'2025-03-24 06:27:41','2025-03-24 06:27:41',0),(319,79,3,'Large','black',550.00,'2025-03-24 06:27:55','2025-03-24 06:27:55',0);
/*!40000 ALTER TABLE `product_request_approvals` ENABLE KEYS */;
UNLOCK TABLES;

--
-- Table structure for table `product_request_master`
--

DROP TABLE IF EXISTS `product_request_master`;
/*!40101 SET @saved_cs_client     = @@character_set_client */;
/*!50503 SET character_set_client = utf8mb4 */;
CREATE TABLE `product_request_master` (
  `request_master_id` int NOT NULL AUTO_INCREMENT,
  `user_id` int NOT NULL,
  `request_status_id` int NOT NULL DEFAULT '1',
  `address_id` int DEFAULT NULL,
  `status` enum('Pending','Approved','Rejected','Completed') DEFAULT 'Pending',
  `delete_status` tinyint DEFAULT '0',
  `created_at` timestamp NULL DEFAULT CURRENT_TIMESTAMP,
  `updated_at` timestamp NULL DEFAULT CURRENT_TIMESTAMP ON UPDATE CURRENT_TIMESTAMP,
  PRIMARY KEY (`request_master_id`),
  KEY `fk_product_request_master_status` (`request_status_id`),
  CONSTRAINT `fk_product_request_master_status` FOREIGN KEY (`request_status_id`) REFERENCES `request_status` (`request_status_id`)
) ENGINE=InnoDB AUTO_INCREMENT=31 DEFAULT CHARSET=utf8mb4 COLLATE=utf8mb4_0900_ai_ci;
/*!40101 SET character_set_client = @saved_cs_client */;

--
-- Dumping data for table `product_request_master`
--

LOCK TABLES `product_request_master` WRITE;
/*!40000 ALTER TABLE `product_request_master` DISABLE KEYS */;
INSERT INTO `product_request_master` VALUES (1,2,1,NULL,'Pending',0,'2025-03-01 13:13:39','2025-03-01 13:13:39'),(2,2,4,NULL,'Completed',0,'2025-03-01 13:15:54','2025-03-19 14:41:18'),(3,2,1,NULL,'Completed',0,'2025-03-01 13:51:27','2025-03-16 12:23:40'),(4,5,1,NULL,'Pending',0,'2025-03-13 17:26:38','2025-03-13 17:26:38'),(5,5,1,NULL,'Pending',0,'2025-03-15 05:47:06','2025-03-15 05:47:06'),(6,5,1,NULL,'Pending',0,'2025-03-15 06:23:47','2025-03-15 06:23:47'),(7,5,1,NULL,'Pending',0,'2025-03-15 06:25:35','2025-03-15 06:25:35'),(8,5,1,NULL,'Pending',0,'2025-03-15 06:27:28','2025-03-15 06:27:28'),(9,5,1,NULL,'Pending',0,'2025-03-15 06:27:34','2025-03-15 06:27:34'),(10,5,1,NULL,'Pending',0,'2025-03-15 06:34:07','2025-03-15 06:34:07'),(11,5,1,NULL,'Pending',0,'2025-03-15 06:41:03','2025-03-15 06:41:03'),(12,5,1,NULL,'Pending',0,'2025-03-15 06:42:01','2025-03-15 06:42:01'),(13,5,1,NULL,'Pending',0,'2025-03-15 06:42:46','2025-03-15 06:42:46'),(14,5,1,NULL,'Pending',0,'2025-03-15 06:42:56','2025-03-15 06:42:56'),(15,5,1,NULL,'Pending',0,'2025-03-15 06:49:06','2025-03-15 06:49:06'),(16,5,1,NULL,'Pending',0,'2025-03-15 06:50:33','2025-03-15 06:50:33'),(17,5,1,NULL,'Pending',0,'2025-03-15 06:59:10','2025-03-15 06:59:10'),(18,5,1,NULL,'Pending',0,'2025-03-15 07:08:49','2025-03-15 07:08:49'),(19,5,1,NULL,'Pending',0,'2025-03-15 07:09:29','2025-03-15 07:09:29'),(20,5,1,NULL,'Pending',0,'2025-03-15 07:09:54','2025-03-15 07:09:54'),(21,2,1,NULL,'Pending',0,'2025-03-16 09:14:34','2025-03-16 09:14:34'),(22,2,1,12,'Pending',0,'2025-03-16 09:15:19','2025-03-16 09:15:19'),(23,5,1,5,'Pending',0,'2025-03-16 12:23:33','2025-03-16 12:23:33'),(24,5,1,5,'Pending',0,'2025-03-17 04:08:10','2025-03-17 04:08:10'),(25,4,1,7,'Completed',0,'2025-03-18 14:49:59','2025-03-21 06:18:46'),(26,5,1,9,'Pending',0,'2025-03-18 15:32:34','2025-03-19 14:22:26'),(27,5,1,9,'Pending',0,'2025-03-18 15:36:13','2025-03-19 14:22:26'),(28,4,1,7,'Completed',0,'2025-03-21 12:14:54','2025-03-21 12:16:50'),(29,4,1,7,'Completed',0,'2025-03-21 17:31:08','2025-03-21 17:50:24'),(30,4,1,7,'Completed',0,'2025-03-24 06:26:34','2025-03-24 06:28:21');
/*!40000 ALTER TABLE `product_request_master` ENABLE KEYS */;
UNLOCK TABLES;

--
-- Table structure for table `product_requests`
--

DROP TABLE IF EXISTS `product_requests`;
/*!40101 SET @saved_cs_client     = @@character_set_client */;
/*!50503 SET character_set_client = utf8mb4 */;
CREATE TABLE `product_requests` (
  `request_id` int NOT NULL AUTO_INCREMENT,
  `request_master_id` int NOT NULL,
  `product_name` varchar(255) NOT NULL,
  `description` text,
  `requested_size` varchar(50) DEFAULT NULL,
  `requested_color` varchar(50) DEFAULT NULL,
  `request_status_id` int NOT NULL DEFAULT '1',
  `status` enum('Pending','Approved','Rejected','Completed') DEFAULT 'Pending',
  `image` longtext,
  `created_at` timestamp NULL DEFAULT CURRENT_TIMESTAMP,
  `updated_at` timestamp NULL DEFAULT CURRENT_TIMESTAMP ON UPDATE CURRENT_TIMESTAMP,
  `delete_status` tinyint DEFAULT '0',
  PRIMARY KEY (`request_id`),
  KEY `fk_product_requests_status` (`request_status_id`),
  CONSTRAINT `fk_product_requests_status` FOREIGN KEY (`request_status_id`) REFERENCES `request_status` (`request_status_id`)
) ENGINE=InnoDB AUTO_INCREMENT=80 DEFAULT CHARSET=utf8mb4 COLLATE=utf8mb4_0900_ai_ci;
/*!40101 SET character_set_client = @saved_cs_client */;

--
-- Dumping data for table `product_requests`
--

LOCK TABLES `product_requests` WRITE;
/*!40000 ALTER TABLE `product_requests` DISABLE KEYS */;
INSERT INTO `product_requests` VALUES (1,0,'Custom T-Shirt','A custom T-shirt with specific design','M','Red',1,'Pending',NULL,'2024-12-15 08:47:47','2024-12-15 08:47:47',0),(2,0,'Custom T-Shirt','A custom T-shirt with specific design','M','Red',1,'Pending',NULL,'2024-12-15 08:48:00','2024-12-15 08:48:00',0),(3,0,'Custom T-Shirt','A custom T-shirt with specific design','M','Red',1,'Pending',NULL,'2024-12-15 08:49:30','2024-12-15 08:49:30',0),(4,0,'Custom T-Shirt','A custom T-shirt with specific design','M','Red',2,'Approved',NULL,'2024-12-15 08:50:01','2025-03-09 07:27:54',0),(5,0,'Custom T-Shirt','A custom T-shirt with specific design','M','Red',3,'Rejected',NULL,'2024-12-15 08:50:56','2025-03-09 07:27:54',0),(6,0,'Custom T-Shirt','A custom T-shirt with specific design','M','Red',4,'Completed',NULL,'2024-12-15 09:03:59','2025-03-09 07:27:54',0),(7,0,'UNDER ARMOUR Team Issue Wordmark T-shirt | Best Price UAE | Dubai, Abu Dhabi','Online shopping for UNDER ARMOUR. Trusted Shipping to Dubai, Abu Dhabi and all UAE  Great Prices  Secure Shopping  100% Contactless  Easy Free Returns  Cash on Delivery. Shop Now','XL','Red',1,'Pending',NULL,'2025-02-21 03:51:58','2025-02-21 03:51:58',0),(8,0,'UNDER ARMOUR Team Issue Wordmark T-shirt | Best Price UAE | Dubai, Abu Dhabi','Online shopping for UNDER ARMOUR. Trusted Shipping to Dubai, Abu Dhabi and all UAE  Great Prices  Secure Shopping  100% Contactless  Easy Free Returns  Cash on Delivery. Shop Now','S','red',1,'Pending',NULL,'2025-02-21 04:06:15','2025-02-21 04:06:15',0),(9,0,'UNDER ARMOUR Team Issue Wordmark T-shirt | Best Price UAE | Dubai, Abu Dhabi','Online shopping for UNDER ARMOUR. Trusted Shipping to Dubai, Abu Dhabi and all UAE  Great Prices  Secure Shopping  100% Contactless  Easy Free Returns  Cash on Delivery. Shop Now','S','red',1,'Pending',NULL,'2025-02-21 04:06:19','2025-02-21 04:06:19',0),(10,0,'UNDER ARMOUR Team Issue Wordmark T-shirt | Best Price UAE | Dubai, Abu Dhabi','Online shopping for UNDER ARMOUR. Trusted Shipping to Dubai, Abu Dhabi and all UAE  Great Prices  Secure Shopping  100% Contactless  Easy Free Returns  Cash on Delivery. Shop Now','S','red',4,'Completed',NULL,'2025-02-21 04:16:55','2025-03-09 07:27:54',0),(11,0,'UNDER ARMOUR Team Issue Wordmark T-shirt | Best Price UAE | Dubai, Abu Dhabi','Online shopping for UNDER ARMOUR. Trusted Shipping to Dubai, Abu Dhabi and all UAE  Great Prices  Secure Shopping  100% Contactless  Easy Free Returns  Cash on Delivery. Shop Now','S','red',4,'Completed',NULL,'2025-02-21 04:22:34','2025-03-09 07:27:54',0),(12,0,'UNDER ARMOUR Team Issue Wordmark T-shirt | Best Price UAE | Dubai, Abu Dhabi','Online shopping for UNDER ARMOUR. Trusted Shipping to Dubai, Abu Dhabi and all UAE  Great Prices  Secure Shopping  100% Contactless  Easy Free Returns  Cash on Delivery. Shop Now','S','red',4,'Completed',NULL,'2025-02-21 04:27:01','2025-03-09 07:27:54',0),(13,0,'UNDER ARMOUR Team Issue Wordmark T-shirt | Best Price UAE | Dubai, Abu Dhabi','Online shopping for UNDER ARMOUR. Trusted Shipping to Dubai, Abu Dhabi and all UAE  Great Prices  Secure Shopping  100% Contactless  Easy Free Returns  Cash on Delivery. Shop Now','S','red',1,'Pending',NULL,'2025-02-21 05:24:31','2025-02-21 05:24:31',0),(14,0,'G-Shock Round Shape Men - G1160 Helios Watch Store','Explore the finest selection of G-Shock Round Shape Men - G1160 at The Helios Watch Store ensuring style and quality meet every budget.','L','red',4,'Completed',NULL,'2025-02-22 12:10:44','2025-03-09 07:27:54',0),(15,0,'CASIO G-Shock MOG MUDMASTER GG-1000-1A3DR Men\'s Watch - G662','\n                      FREE SHIPPING on all orders','L','red',4,'Completed',NULL,'2025-02-23 14:01:53','2025-03-09 07:27:54',0),(16,0,'Custom T-Shirt','A custom T-shirt with specific design','M','Red',4,'Completed','//www.myntra.com/trousers/blackberrys/blackberrys-men-tapered-fit-low-rise-trousers/23218072/buy','2025-02-24 11:02:10','2025-03-09 07:27:54',0),(17,0,'Galaxy 7','Top Brands','M','Red',4,'Completed','https://f.nooncdn.com/p/pzsku/ZF9C4A6E1CCFF21A053C0Z/45/_/1720815344/9035a2ae-f797-45cc-bf05-407d933efa8e.jpg?format=jpg&width=240','2025-02-24 11:10:16','2025-03-09 07:27:54',0),(18,0,'Be Bodywise 4% Aha Bha Underarm Roll On 50ml | 2% Lactic Acid, 1% Mandelic Acid, 1% Salicylic Acid | Controls Odour & Reduces Pigmentation | 0% Alcohol & 0% Aluminium | Flora Fragrance : Amazon.in: Beauty',' Top Brand ','M','xss',4,'Completed','https://m.media-amazon.com/images/I/71waYmGy3EL._SL1500_.jpg','2025-02-25 14:57:38','2025-03-09 07:27:54',0),(19,0,'Be Bodywise 4% Aha Bha Underarm Roll On 50ml | 2% Lactic Acid, 1% Mandelic Acid, 1% Salicylic Acid | Controls Odour & Reduces Pigmentation | 0% Alcohol & 0% Aluminium | Flora Fragrance : Amazon.in: Beauty',' Top Brand ','L','red',1,'Pending','https://m.media-amazon.com/images/I/71waYmGy3EL._SL1500_.jpg','2025-02-25 15:15:42','2025-02-25 15:15:42',0),(20,0,'Be Bodywise 4% Aha Bha Underarm Roll On 50ml | 2% Lactic Acid, 1% Mandelic Acid, 1% Salicylic Acid | Controls Odour & Reduces Pigmentation | 0% Alcohol & 0% Aluminium | Flora Fragrance : Amazon.in: Beauty',' Top Brand ','L','red',4,'Completed','https://m.media-amazon.com/images/I/71waYmGy3EL._SL1500_.jpg','2025-02-25 15:17:42','2025-03-09 07:27:54',0),(21,2,'Custom T-Shirt','A custom T-shirt with specific design','M','Red',2,'Completed','//www.myntra.com/trousers/blackberrys/blackberrys-men-tapered-fit-low-rise-trousers/23218072/buy','2025-03-01 13:15:54','2025-03-19 14:41:18',0),(22,3,'Shirt','A Loin  design','S','Black',2,'Approved','//www.myntra.com/trousers/blackberrys/blackberrys-men-tapered-fit-low-rise-trousers/23218072/buy','2025-03-01 13:51:27','2025-03-15 07:28:00',0),(23,3,'Custom T-Shirt','A custom T-shirt with specific design','M','Red',2,'Completed','//www.myntra.com/trousers/blackberrys/blackberrys-men-tapered-fit-low-rise-trousers/23218072/buy','2025-03-01 13:51:27','2025-03-16 12:23:40',0),(24,4,'comfits Relaxed Men Black Trousers - Buy comfits Relaxed Men Black Trousers Online at Best Prices in India | Flipkart.com','comfits Relaxed Men Black Trousers','','',1,'Pending','http://rukmini1.flixcart.com/image/300/300/xif0q/trouser/n/5/a/32-700-bwp-41-comfits-original-imah6fca8uev4xcx.jpeg','2025-03-13 17:26:38','2025-03-13 17:26:38',0),(25,5,'Jeancherry Tapered Men Blue Trousers - Buy Jeancherry Tapered Men Blue Trousers Online at Best Prices in India | Flipkart.com','Jeancherry Tapered Men Blue Trousers','','',1,'Pending','http://rukmini1.flixcart.com/image/300/300/xif0q/trouser/m/3/a/34-500-bls-54-jeancherry-original-imah63efvfpd2bmu.jpeg','2025-03-15 05:47:06','2025-03-15 05:47:06',0),(26,5,'Jeancherry Tapered Men Blue Trousers - Buy Jeancherry Tapered Men Blue Trousers Online at Best Prices in India | Flipkart.com','Jeancherry Tapered Men Blue Trousers','','',1,'Pending','http://rukmini1.flixcart.com/image/300/300/xif0q/trouser/m/3/a/34-500-bls-54-jeancherry-original-imah63efvfpd2bmu.jpeg','2025-03-15 05:47:07','2025-03-15 05:47:07',0),(27,6,'Flaring Tapered Men Black Trousers - Buy Flaring Tapered Men Black Trousers Online at Best Prices in India | Flipkart.com','Flaring Tapered Men Black Trousers','','',2,'Approved','http://rukmini1.flixcart.com/image/300/300/xif0q/shopsy-trouser/y/e/g/32-450-bkd-16-casual-trousers-flaring-original-imah6f3xq2dhehak.jpeg','2025-03-15 06:23:47','2025-03-17 15:10:05',0),(28,6,'Jeancherry Regular Fit Men Black Trousers - Buy Jeancherry Regular Fit Men Black Trousers Online at Best Prices in India | Flipkart.com','Jeancherry Regular Fit Men Black Trousers','','',2,'Approved','http://rukmini1.flixcart.com/image/300/300/xif0q/shopsy-trouser/h/y/0/28-700-bwp-31-casual-trousers-jeancherry-original-imah6f95fqmhgthz.jpeg','2025-03-15 06:23:47','2025-03-17 15:10:47',0),(29,7,'Jeancherry Regular Fit Men Black Trousers - Buy Jeancherry Regular Fit Men Black Trousers Online at Best Prices in India | Flipkart.com','Jeancherry Regular Fit Men Black Trousers','','',1,'Pending','http://rukmini1.flixcart.com/image/300/300/xif0q/shopsy-trouser/h/y/0/28-700-bwp-31-casual-trousers-jeancherry-original-imah6f95fqmhgthz.jpeg','2025-03-15 06:25:35','2025-03-15 06:25:35',0),(30,7,'Flaring Tapered Men Black Trousers - Buy Flaring Tapered Men Black Trousers Online at Best Prices in India | Flipkart.com','Flaring Tapered Men Black Trousers','','',1,'Pending','http://rukmini1.flixcart.com/image/300/300/xif0q/shopsy-trouser/y/e/g/32-450-bkd-16-casual-trousers-flaring-original-imah6f3xq2dhehak.jpeg','2025-03-15 06:25:35','2025-03-15 06:25:35',0),(31,7,'Jeancherry Regular Fit Men Black Trousers - Buy Jeancherry Regular Fit Men Black Trousers Online at Best Prices in India | Flipkart.com','Jeancherry Regular Fit Men Black Trousers','','',1,'Pending','http://rukmini1.flixcart.com/image/300/300/xif0q/shopsy-trouser/h/y/0/28-700-bwp-31-casual-trousers-jeancherry-original-imah6f95fqmhgthz.jpeg','2025-03-15 06:25:35','2025-03-15 06:25:35',0),(32,8,'Jeancherry Regular Fit Men Black Trousers - Buy Jeancherry Regular Fit Men Black Trousers Online at Best Prices in India | Flipkart.com','Jeancherry Regular Fit Men Black Trousers','','',1,'Pending','http://rukmini1.flixcart.com/image/300/300/xif0q/shopsy-trouser/h/y/0/28-700-bwp-31-casual-trousers-jeancherry-original-imah6f95fqmhgthz.jpeg','2025-03-15 06:27:28','2025-03-15 06:27:28',0),(33,8,'Jeancherry Regular Fit Men Black Trousers - Buy Jeancherry Regular Fit Men Black Trousers Online at Best Prices in India | Flipkart.com','Jeancherry Regular Fit Men Black Trousers','','',1,'Pending','http://rukmini1.flixcart.com/image/300/300/xif0q/shopsy-trouser/h/y/0/28-700-bwp-31-casual-trousers-jeancherry-original-imah6f95fqmhgthz.jpeg','2025-03-15 06:27:28','2025-03-15 06:27:28',0),(34,8,'Flaring Tapered Men Black Trousers - Buy Flaring Tapered Men Black Trousers Online at Best Prices in India | Flipkart.com','Flaring Tapered Men Black Trousers','','',1,'Pending','http://rukmini1.flixcart.com/image/300/300/xif0q/shopsy-trouser/y/e/g/32-450-bkd-16-casual-trousers-flaring-original-imah6f3xq2dhehak.jpeg','2025-03-15 06:27:28','2025-03-15 06:27:28',0),(35,8,'Jeancherry Regular Fit Men Black Trousers - Buy Jeancherry Regular Fit Men Black Trousers Online at Best Prices in India | Flipkart.com','Jeancherry Regular Fit Men Black Trousers','','',1,'Pending','http://rukmini1.flixcart.com/image/300/300/xif0q/shopsy-trouser/h/y/0/28-700-bwp-31-casual-trousers-jeancherry-original-imah6f95fqmhgthz.jpeg','2025-03-15 06:27:28','2025-03-15 06:27:28',0),(36,9,'Flaring Tapered Men Black Trousers - Buy Flaring Tapered Men Black Trousers Online at Best Prices in India | Flipkart.com','Flaring Tapered Men Black Trousers','','',1,'Pending','http://rukmini1.flixcart.com/image/300/300/xif0q/shopsy-trouser/y/e/g/32-450-bkd-16-casual-trousers-flaring-original-imah6f3xq2dhehak.jpeg','2025-03-15 06:27:34','2025-03-15 06:27:34',0),(37,9,'Jeancherry Regular Fit Men Black Trousers - Buy Jeancherry Regular Fit Men Black Trousers Online at Best Prices in India | Flipkart.com','Jeancherry Regular Fit Men Black Trousers','','',1,'Pending','http://rukmini1.flixcart.com/image/300/300/xif0q/shopsy-trouser/h/y/0/28-700-bwp-31-casual-trousers-jeancherry-original-imah6f95fqmhgthz.jpeg','2025-03-15 06:27:34','2025-03-15 06:27:34',0),(38,10,'Jeancherry Regular Fit Men Black Trousers - Buy Jeancherry Regular Fit Men Black Trousers Online at Best Prices in India | Flipkart.com','Jeancherry Regular Fit Men Black Trousers','','',1,'Pending','http://rukmini1.flixcart.com/image/300/300/xif0q/shopsy-trouser/h/y/0/28-700-bwp-31-casual-trousers-jeancherry-original-imah6f95fqmhgthz.jpeg','2025-03-15 06:34:07','2025-03-15 06:34:07',0),(39,10,'Flaring Tapered Men Black Trousers - Buy Flaring Tapered Men Black Trousers Online at Best Prices in India | Flipkart.com','Flaring Tapered Men Black Trousers','','',1,'Pending','http://rukmini1.flixcart.com/image/300/300/xif0q/shopsy-trouser/y/e/g/32-450-bkd-16-casual-trousers-flaring-original-imah6f3xq2dhehak.jpeg','2025-03-15 06:34:07','2025-03-15 06:34:07',0),(40,10,'Jeancherry Regular Fit Men Black Trousers - Buy Jeancherry Regular Fit Men Black Trousers Online at Best Prices in India | Flipkart.com','Jeancherry Regular Fit Men Black Trousers','','',1,'Pending','http://rukmini1.flixcart.com/image/300/300/xif0q/shopsy-trouser/h/y/0/28-700-bwp-31-casual-trousers-jeancherry-original-imah6f95fqmhgthz.jpeg','2025-03-15 06:34:07','2025-03-15 06:34:07',0),(41,11,'Flaring Tapered Men Black Trousers - Buy Flaring Tapered Men Black Trousers Online at Best Prices in India | Flipkart.com','Flaring Tapered Men Black Trousers','','',1,'Pending','http://rukmini1.flixcart.com/image/300/300/xif0q/shopsy-trouser/y/e/g/32-450-bkd-16-casual-trousers-flaring-original-imah6f3xq2dhehak.jpeg','2025-03-15 06:41:03','2025-03-15 06:41:03',0),(42,12,'Flaring Tapered Men Black Trousers - Buy Flaring Tapered Men Black Trousers Online at Best Prices in India | Flipkart.com','Flaring Tapered Men Black Trousers','','',1,'Pending','http://rukmini1.flixcart.com/image/300/300/xif0q/shopsy-trouser/y/e/g/32-450-bkd-16-casual-trousers-flaring-original-imah6f3xq2dhehak.jpeg','2025-03-15 06:42:01','2025-03-15 06:42:01',0),(43,12,'Flaring Tapered Men Black Trousers - Buy Flaring Tapered Men Black Trousers Online at Best Prices in India | Flipkart.com','Flaring Tapered Men Black Trousers','','',1,'Pending','http://rukmini1.flixcart.com/image/300/300/xif0q/shopsy-trouser/y/e/g/32-450-bkd-16-casual-trousers-flaring-original-imah6f3xq2dhehak.jpeg','2025-03-15 06:42:01','2025-03-15 06:42:01',0),(44,13,'Flaring Tapered Men Black Trousers - Buy Flaring Tapered Men Black Trousers Online at Best Prices in India | Flipkart.com','Flaring Tapered Men Black Trousers','','',1,'Pending','http://rukmini1.flixcart.com/image/300/300/xif0q/shopsy-trouser/y/e/g/32-450-bkd-16-casual-trousers-flaring-original-imah6f3xq2dhehak.jpeg','2025-03-15 06:42:46','2025-03-15 06:42:46',0),(45,13,'Flaring Tapered Men Black Trousers - Buy Flaring Tapered Men Black Trousers Online at Best Prices in India | Flipkart.com','Flaring Tapered Men Black Trousers','','',1,'Pending','http://rukmini1.flixcart.com/image/300/300/xif0q/shopsy-trouser/y/e/g/32-450-bkd-16-casual-trousers-flaring-original-imah6f3xq2dhehak.jpeg','2025-03-15 06:42:46','2025-03-15 06:42:46',0),(46,13,'Flaring Tapered Men Black Trousers - Buy Flaring Tapered Men Black Trousers Online at Best Prices in India | Flipkart.com','Flaring Tapered Men Black Trousers','','',1,'Pending','http://rukmini1.flixcart.com/image/300/300/xif0q/shopsy-trouser/y/e/g/32-450-bkd-16-casual-trousers-flaring-original-imah6f3xq2dhehak.jpeg','2025-03-15 06:42:46','2025-03-15 06:42:46',0),(47,14,'Flaring Tapered Men Black Trousers - Buy Flaring Tapered Men Black Trousers Online at Best Prices in India | Flipkart.com','Flaring Tapered Men Black Trousers','','',1,'Pending','http://rukmini1.flixcart.com/image/300/300/xif0q/shopsy-trouser/y/e/g/32-450-bkd-16-casual-trousers-flaring-original-imah6f3xq2dhehak.jpeg','2025-03-15 06:42:56','2025-03-15 06:42:56',0),(48,14,'Flaring Tapered Men Black Trousers - Buy Flaring Tapered Men Black Trousers Online at Best Prices in India | Flipkart.com','Flaring Tapered Men Black Trousers','','',1,'Pending','http://rukmini1.flixcart.com/image/300/300/xif0q/shopsy-trouser/y/e/g/32-450-bkd-16-casual-trousers-flaring-original-imah6f3xq2dhehak.jpeg','2025-03-15 06:42:56','2025-03-15 06:42:56',0),(49,14,'Flaring Tapered Men Black Trousers - Buy Flaring Tapered Men Black Trousers Online at Best Prices in India | Flipkart.com','Flaring Tapered Men Black Trousers','','',1,'Pending','http://rukmini1.flixcart.com/image/300/300/xif0q/shopsy-trouser/y/e/g/32-450-bkd-16-casual-trousers-flaring-original-imah6f3xq2dhehak.jpeg','2025-03-15 06:42:56','2025-03-15 06:42:56',0),(50,15,'Flaring Tapered Men Black Trousers - Buy Flaring Tapered Men Black Trousers Online at Best Prices in India | Flipkart.com','Flaring Tapered Men Black Trousers','','',1,'Pending','http://rukmini1.flixcart.com/image/300/300/xif0q/shopsy-trouser/y/e/g/32-450-bkd-16-casual-trousers-flaring-original-imah6f3xq2dhehak.jpeg','2025-03-15 06:49:06','2025-03-15 06:49:06',0),(51,15,'Flaring Tapered Men Black Trousers - Buy Flaring Tapered Men Black Trousers Online at Best Prices in India | Flipkart.com','Flaring Tapered Men Black Trousers','','',1,'Pending','http://rukmini1.flixcart.com/image/300/300/xif0q/shopsy-trouser/y/e/g/32-450-bkd-16-casual-trousers-flaring-original-imah6f3xq2dhehak.jpeg','2025-03-15 06:49:06','2025-03-15 06:49:06',0),(52,16,'Flaring Tapered Men Black Trousers - Buy Flaring Tapered Men Black Trousers Online at Best Prices in India | Flipkart.com','Flaring Tapered Men Black Trousers','','',1,'Pending','http://rukmini1.flixcart.com/image/300/300/xif0q/shopsy-trouser/y/e/g/32-450-bkd-16-casual-trousers-flaring-original-imah6f3xq2dhehak.jpeg','2025-03-15 06:50:33','2025-03-15 06:50:33',0),(53,17,'Flaring Tapered Men Black Trousers - Buy Flaring Tapered Men Black Trousers Online at Best Prices in India | Flipkart.com','Flaring Tapered Men Black Trousers','','',1,'Pending','http://rukmini1.flixcart.com/image/300/300/xif0q/shopsy-trouser/y/e/g/32-450-bkd-16-casual-trousers-flaring-original-imah6f3xq2dhehak.jpeg','2025-03-15 06:59:10','2025-03-15 06:59:10',0),(54,17,'Flaring Tapered Men Black Trousers - Buy Flaring Tapered Men Black Trousers Online at Best Prices in India | Flipkart.com','Flaring Tapered Men Black Trousers','','',1,'Pending','http://rukmini1.flixcart.com/image/300/300/xif0q/shopsy-trouser/y/e/g/32-450-bkd-16-casual-trousers-flaring-original-imah6f3xq2dhehak.jpeg','2025-03-15 06:59:10','2025-03-15 06:59:10',0),(55,18,'Flaring Tapered Men Black Trousers - Buy Flaring Tapered Men Black Trousers Online at Best Prices in India | Flipkart.com','Flaring Tapered Men Black Trousers','','',1,'Pending','http://rukmini1.flixcart.com/image/300/300/xif0q/shopsy-trouser/y/e/g/32-450-bkd-16-casual-trousers-flaring-original-imah6f3xq2dhehak.jpeg','2025-03-15 07:08:49','2025-03-15 07:08:49',0),(56,18,'Flaring Tapered Men Black Trousers - Buy Flaring Tapered Men Black Trousers Online at Best Prices in India | Flipkart.com','Flaring Tapered Men Black Trousers','','',1,'Pending','http://rukmini1.flixcart.com/image/300/300/xif0q/shopsy-trouser/y/e/g/32-450-bkd-16-casual-trousers-flaring-original-imah6f3xq2dhehak.jpeg','2025-03-15 07:08:49','2025-03-15 07:08:49',0),(57,19,'Flaring Tapered Men Black Trousers - Buy Flaring Tapered Men Black Trousers Online at Best Prices in India | Flipkart.com','Flaring Tapered Men Black Trousers','','',2,'Approved','http://rukmini1.flixcart.com/image/300/300/xif0q/shopsy-trouser/y/e/g/32-450-bkd-16-casual-trousers-flaring-original-imah6f3xq2dhehak.jpeg','2025-03-15 07:09:29','2025-03-18 15:27:30',0),(58,19,'Flaring Tapered Men Black Trousers - Buy Flaring Tapered Men Black Trousers Online at Best Prices in India | Flipkart.com','Flaring Tapered Men Black Trousers','','',1,'Pending','http://rukmini1.flixcart.com/image/300/300/xif0q/shopsy-trouser/y/e/g/32-450-bkd-16-casual-trousers-flaring-original-imah6f3xq2dhehak.jpeg','2025-03-15 07:09:29','2025-03-15 07:09:29',0),(59,20,'Flaring Tapered Men Black Trousers - Buy Flaring Tapered Men Black Trousers Online at Best Prices in India | Flipkart.com','Flaring Tapered Men Black Trousers','','',1,'Pending','http://rukmini1.flixcart.com/image/300/300/xif0q/shopsy-trouser/y/e/g/32-450-bkd-16-casual-trousers-flaring-original-imah6f3xq2dhehak.jpeg','2025-03-15 07:09:54','2025-03-15 07:09:54',0),(60,20,'Flaring Tapered Men Black Trousers - Buy Flaring Tapered Men Black Trousers Online at Best Prices in India | Flipkart.com','Flaring Tapered Men Black Trousers','','',1,'Pending','http://rukmini1.flixcart.com/image/300/300/xif0q/shopsy-trouser/y/e/g/32-450-bkd-16-casual-trousers-flaring-original-imah6f3xq2dhehak.jpeg','2025-03-15 07:09:54','2025-03-15 07:09:54',0),(61,21,'Shirt','A Loin  design','S','Black',1,'Pending','//www.myntra.com/trousers/blackberrys/blackberrys-men-tapered-fit-low-rise-trousers/23218072/buy','2025-03-16 09:14:34','2025-03-16 09:14:34',0),(62,21,'Custom T-Shirt','A custom T-shirt with specific design','M','Red',1,'Pending','//www.myntra.com/trousers/blackberrys/blackberrys-men-tapered-fit-low-rise-trousers/23218072/buy','2025-03-16 09:14:34','2025-03-16 09:14:34',0),(63,22,'Shirt','A Loin  design','S','Black',1,'Pending','//www.myntra.com/trousers/blackberrys/blackberrys-men-tapered-fit-low-rise-trousers/23218072/buy','2025-03-16 09:15:19','2025-03-16 09:15:19',0),(64,22,'Custom T-Shirt','A custom T-shirt with specific design','M','Red',1,'Pending','//www.myntra.com/trousers/blackberrys/blackberrys-men-tapered-fit-low-rise-trousers/23218072/buy','2025-03-16 09:15:19','2025-03-16 09:15:19',0),(65,23,'INDICLUB Slim Fit Men Dark Blue Trousers - Buy INDICLUB Slim Fit Men Dark Blue Trousers Online at Best Prices in India | Flipkart.com','INDICLUB Slim Fit Men Dark Blue Trousers','','',1,'Pending','http://rukmini1.flixcart.com/image/300/300/xif0q/trouser/a/s/q/30-pic-pt190e045-indiclub-original-imagtyu5p2tedyrj.jpeg','2025-03-16 12:23:33','2025-03-16 12:23:33',0),(66,24,'INDICLUB Slim Fit Men Dark Blue Trousers - Buy INDICLUB Slim Fit Men Dark Blue Trousers Online at Best Prices in India | Flipkart.com','INDICLUB Slim Fit Men Dark Blue Trousers','M','Red',2,'Approved','http://rukmini1.flixcart.com/image/300/300/xif0q/trouser/a/s/q/30-pic-pt190e045-indiclub-original-imagtyu5p2tedyrj.jpeg','2025-03-17 04:08:10','2025-03-18 15:28:00',0),(67,25,'The OG | Round Black Sunglasses MG2975','BUY 1  GET  FLAT 150 OFF | CODE : RANGDE\n','big','black',2,'Completed','http://www.voyageeyewear.com/cdn/shop/files/2036MG2975_new_1.jpg?v=1739167771&width=2048','2025-03-18 14:49:59','2025-03-21 06:18:46',0),(68,25,'Airplane Mode // 001','LOOP 2.0','small','red',2,'Completed','http://www.urbanmonkey.com/cdn/shop/files/airplane-mode-001-front-298747.jpg?v=1733830295','2025-03-18 14:49:59','2025-03-21 06:18:46',0),(69,26,'Shirt','A Loin  design','S','Black',1,'Pending','//www.myntra.com/trousers/blackberrys/blackberrys-men-tapered-fit-low-rise-trousers/23218072/buy','2025-03-18 15:32:34','2025-03-18 15:32:34',0),(70,26,'Custom T-Shirt','A custom T-shirt with specific design','M','Red',1,'Pending','//www.myntra.com/trousers/blackberrys/blackberrys-men-tapered-fit-low-rise-trousers/23218072/buy','2025-03-18 15:32:34','2025-03-18 15:32:34',0),(71,27,'Shirt','A Loin  design','S','Black',1,'Pending','//www.myntra.com/trousers/blackberrys/blackberrys-men-tapered-fit-low-rise-trousers/23218072/buy','2025-03-18 15:36:13','2025-03-18 15:36:13',0),(72,27,'Custom T-Shirt','A custom T-shirt with specific design','M','Red',1,'Pending','//www.myntra.com/trousers/blackberrys/blackberrys-men-tapered-fit-low-rise-trousers/23218072/buy','2025-03-18 15:36:13','2025-03-18 15:36:13',0),(73,28,'iPhone 13 ( 128 GB GB Storage, Starlight) Online at Best Price On Flipkart.com','Apple iPhone 13 (Starlight, 128 GB)','4/256','black',2,'Completed','http://rukmini1.flixcart.com/image/300/300/ktketu80/mobile/6/n/d/iphone-13-mlpg3hn-a-apple-original-imag6vpyghayhhrh.jpeg','2025-03-21 12:14:54','2025-03-21 12:16:50',0),(74,28,'Home :: Mobile Phones :: Apple :: Apple iPhone 16 | 128 GB | White','Track my order(s)','6/128','red',2,'Completed','https://www.myg.in/images/detailed/88/-original-imah4jyfveygyubc-removebg-preview.png','2025-03-21 12:14:54','2025-03-21 12:16:50',0),(75,29,'Men Purple Slim Fit Textured Full Sleeves Formal Shirts','Welcome!','large','black',3,'Completed','https://imagescdn.abfrl.in/img/app/product/3/39909557-18321737.jpg?q=75&auto=format&w=150','2025-03-21 17:31:08','2025-03-21 17:50:24',0),(76,29,'White Self-Design Slim Fit Shirt','APP EXCLUSIVE LATEST DROPS & OFFERS','Large','white',2,'Completed','http://www.snitch.co.in/cdn/shop/files/5e5069239ae4e17c240b1f5d4735f6a9.jpg?v=1736946090','2025-03-21 17:31:08','2025-03-21 17:50:24',0),(77,29,'Pink Self-Design Slim Fit Shirt','APP EXCLUSIVE LATEST DROPS & OFFERS','Small','Red',2,'Completed','http://www.snitch.co.in/cdn/shop/files/cd24e9720c0d8f6934d78c9bc3a152cc.jpg?v=1736946217','2025-03-21 17:31:08','2025-03-21 17:50:24',0),(78,30,'Men White Slim Fit Stripe Full Sleeves Formal Shirts','Welcome!','Medium ','blue with line',2,'Completed','https://imagescdn.abfrl.in/img/app/product/3/39827654-16709446.jpg?q=75&auto=format&w=150','2025-03-24 06:26:34','2025-03-24 06:28:21',0),(79,30,'Men Purple Slim Fit Textured Full Sleeves Formal Shirts','Welcome!','Large','black',2,'Completed','https://imagescdn.abfrl.in/img/app/product/3/39909557-18321737.jpg?q=75&auto=format&w=150','2025-03-24 06:26:34','2025-03-24 06:28:21',0);
/*!40000 ALTER TABLE `product_requests` ENABLE KEYS */;
UNLOCK TABLES;

--
-- Table structure for table `products`
--

DROP TABLE IF EXISTS `products`;
/*!40101 SET @saved_cs_client     = @@character_set_client */;
/*!50503 SET character_set_client = utf8mb4 */;
CREATE TABLE `products` (
  `product_id` int NOT NULL AUTO_INCREMENT,
  `name` varchar(255) NOT NULL,
  `description` text,
  `image` varchar(145) DEFAULT NULL,
  `price` decimal(10,2) NOT NULL,
  `stock` int NOT NULL,
  `category` varchar(100) DEFAULT NULL,
  `created_at` timestamp NULL DEFAULT CURRENT_TIMESTAMP,
  `delete_status` tinyint DEFAULT '0',
  PRIMARY KEY (`product_id`)
) ENGINE=InnoDB DEFAULT CHARSET=utf8mb4 COLLATE=utf8mb4_0900_ai_ci;
/*!40101 SET character_set_client = @saved_cs_client */;

--
-- Dumping data for table `products`
--

LOCK TABLES `products` WRITE;
/*!40000 ALTER TABLE `products` DISABLE KEYS */;
/*!40000 ALTER TABLE `products` ENABLE KEYS */;
UNLOCK TABLES;

--
-- Table structure for table `request_status`
--

DROP TABLE IF EXISTS `request_status`;
/*!40101 SET @saved_cs_client     = @@character_set_client */;
/*!50503 SET character_set_client = utf8mb4 */;
CREATE TABLE `request_status` (
  `request_status_id` int NOT NULL AUTO_INCREMENT,
  `status_name` varchar(50) NOT NULL,
  PRIMARY KEY (`request_status_id`),
  UNIQUE KEY `status_name` (`status_name`)
) ENGINE=InnoDB AUTO_INCREMENT=5 DEFAULT CHARSET=utf8mb4 COLLATE=utf8mb4_0900_ai_ci;
/*!40101 SET character_set_client = @saved_cs_client */;

--
-- Dumping data for table `request_status`
--

LOCK TABLES `request_status` WRITE;
/*!40000 ALTER TABLE `request_status` DISABLE KEYS */;
INSERT INTO `request_status` VALUES (2,'Approved'),(4,'Completed'),(1,'Pending'),(3,'Rejected');
/*!40000 ALTER TABLE `request_status` ENABLE KEYS */;
UNLOCK TABLES;

--
-- Table structure for table `social_users`
--

DROP TABLE IF EXISTS `social_users`;
/*!40101 SET @saved_cs_client     = @@character_set_client */;
/*!50503 SET character_set_client = utf8mb4 */;
CREATE TABLE `social_users` (
  `id` int NOT NULL AUTO_INCREMENT,
  `user_id` int NOT NULL,
  `social_id` varchar(255) NOT NULL,
  `social_type` varchar(20) NOT NULL,
  `created_at` timestamp NULL DEFAULT CURRENT_TIMESTAMP,
  PRIMARY KEY (`id`),
  UNIQUE KEY `unique_social_user` (`social_id`,`social_type`),
  KEY `user_id` (`user_id`),
  CONSTRAINT `social_users_ibfk_1` FOREIGN KEY (`user_id`) REFERENCES `users` (`user_id`)
) ENGINE=InnoDB AUTO_INCREMENT=8 DEFAULT CHARSET=utf8mb4 COLLATE=utf8mb4_0900_ai_ci;
/*!40101 SET character_set_client = @saved_cs_client */;

--
-- Dumping data for table `social_users`
--

LOCK TABLES `social_users` WRITE;
/*!40000 ALTER TABLE `social_users` DISABLE KEYS */;
INSERT INTO `social_users` VALUES (1,1,'ELogi43nGoogle2432444ae','google','2024-12-14 15:54:07'),(2,3,'ELogi43nGle2432444ae','google','2024-12-14 15:55:02'),(3,4,'Mac2432','apple','2024-12-14 15:56:15'),(4,5,'3yFPd5PXQARQ0an5DuwiRkAj3KC2','google','2024-12-22 05:20:20'),(5,10,'cr7WW4n7CuNt85IXVHTJn8caWw53','google','2025-02-22 11:48:17'),(6,12,'ELogi43nGle24326tyt4ae','google','2025-03-08 05:04:26'),(7,12,'sha34','google','2025-03-08 05:04:48');
/*!40000 ALTER TABLE `social_users` ENABLE KEYS */;
UNLOCK TABLES;

--
-- Table structure for table `user_otps`
--

DROP TABLE IF EXISTS `user_otps`;
/*!40101 SET @saved_cs_client     = @@character_set_client */;
/*!50503 SET character_set_client = utf8mb4 */;
CREATE TABLE `user_otps` (
  `id` int NOT NULL AUTO_INCREMENT,
  `user_id` int NOT NULL,
  `otp` varchar(6) NOT NULL,
  `is_used` tinyint(1) DEFAULT '0',
  `created_at` timestamp NULL DEFAULT CURRENT_TIMESTAMP,
  PRIMARY KEY (`id`),
  UNIQUE KEY `unique_user_otp` (`user_id`),
  CONSTRAINT `user_otps_ibfk_1` FOREIGN KEY (`user_id`) REFERENCES `users` (`user_id`)
) ENGINE=InnoDB AUTO_INCREMENT=322 DEFAULT CHARSET=utf8mb4 COLLATE=utf8mb4_0900_ai_ci;
/*!40101 SET character_set_client = @saved_cs_client */;

--
-- Dumping data for table `user_otps`
--

LOCK TABLES `user_otps` WRITE;
/*!40000 ALTER TABLE `user_otps` DISABLE KEYS */;
INSERT INTO `user_otps` VALUES (1,1,'726474',1,'2025-03-18 15:47:16'),(3,2,'213412',1,'2025-03-20 16:13:37'),(7,5,'503323',1,'2025-03-18 15:57:47'),(24,7,'920332',0,'2024-12-22 11:38:10'),(27,9,'274689',0,'2025-02-22 11:46:54'),(28,11,'917753',0,'2025-02-25 14:51:48'),(61,13,'201775',1,'2025-03-09 04:06:46'),(63,14,'918963',1,'2025-03-09 04:19:30'),(64,3,'904775',1,'2025-03-24 06:26:46'),(91,15,'747232',1,'2025-03-13 17:10:27'),(263,4,'380214',1,'2025-03-24 06:24:33'),(270,19,'534862',1,'2025-03-18 11:00:45'),(277,20,'565982',1,'2025-03-18 02:01:06'),(295,21,'991984',0,'2025-03-20 16:13:18');
/*!40000 ALTER TABLE `user_otps` ENABLE KEYS */;
UNLOCK TABLES;

--
-- Table structure for table `users`
--

DROP TABLE IF EXISTS `users`;
/*!40101 SET @saved_cs_client     = @@character_set_client */;
/*!50503 SET character_set_client = utf8mb4 */;
CREATE TABLE `users` (
  `user_id` int NOT NULL AUTO_INCREMENT,
  `name` varchar(255) DEFAULT NULL,
  `last_name` varchar(255) DEFAULT NULL,
  `email` varchar(255) DEFAULT NULL,
  `phone` varchar(20) DEFAULT NULL,
  `password` varchar(255) DEFAULT NULL,
  `role` enum('customer','admin') DEFAULT 'customer',
  `created_at` timestamp NULL DEFAULT CURRENT_TIMESTAMP,
  `social_id` varchar(255) DEFAULT NULL,
  `social_type` varchar(20) DEFAULT NULL,
  `updated_at` timestamp NULL DEFAULT CURRENT_TIMESTAMP ON UPDATE CURRENT_TIMESTAMP,
  `size_preferences` varchar(255) DEFAULT NULL,
  `Delete_Status` tinyint DEFAULT '0',
  PRIMARY KEY (`user_id`),
  UNIQUE KEY `email` (`email`),
  UNIQUE KEY `unique_social_user` (`social_id`,`social_type`)
) ENGINE=InnoDB AUTO_INCREMENT=22 DEFAULT CHARSET=utf8mb4 COLLATE=utf8mb4_0900_ai_ci;
/*!40101 SET character_set_client = @saved_cs_client */;

--
-- Dumping data for table `users`
--

LOCK TABLES `users` WRITE;
/*!40000 ALTER TABLE `users` DISABLE KEYS */;
INSERT INTO `users` VALUES (1,NULL,NULL,'v.jshejmil@gmail.com',NULL,NULL,'customer','2024-12-14 15:38:00',NULL,NULL,'2024-12-14 15:38:00',NULL,0),(2,'shajmil',NULL,NULL,'9645685457',NULL,'admin','2024-12-14 15:43:06',NULL,NULL,'2024-12-15 08:53:48','small',0),(3,'Testt','UFS','shajmil@gmail.com','9645685497',NULL,'admin','2024-12-14 15:55:02',NULL,NULL,'2025-03-08 04:56:01','M',0),(4,'Riyas Bava',NULL,'riyas@gmail.com',NULL,NULL,'customer','2024-12-14 15:56:15',NULL,NULL,'2024-12-14 15:56:15',NULL,0),(5,'sanin','pk','sanufaris5@gmail.com','+9631245134',NULL,'customer','2024-12-15 04:16:33',NULL,NULL,'2025-02-02 07:03:03','m',0),(6,NULL,NULL,NULL,NULL,NULL,'customer','2024-12-22 06:36:30',NULL,NULL,'2024-12-22 06:36:30',NULL,0),(7,'',NULL,NULL,'+919633364880',NULL,'customer','2024-12-22 11:37:49',NULL,NULL,'2024-12-22 11:37:49',NULL,0),(8,NULL,NULL,NULL,NULL,NULL,'customer','2025-02-22 11:46:25',NULL,NULL,'2025-02-22 11:46:25',NULL,0),(9,'',NULL,'riybava@gmail.com',NULL,NULL,'customer','2025-02-22 11:46:53',NULL,NULL,'2025-02-22 11:46:53',NULL,0),(10,'King V20',NULL,'kingbava20@gmail.com',NULL,NULL,'customer','2025-02-22 11:48:17',NULL,NULL,'2025-02-22 11:48:17',NULL,0),(11,'',NULL,'abc@gmail.com',NULL,NULL,'customer','2025-02-25 14:51:23',NULL,NULL,'2025-02-25 14:51:23',NULL,0),(12,'shajmil Dh',NULL,'shejmil@gmail.com',NULL,NULL,'customer','2025-03-08 05:04:26',NULL,NULL,'2025-03-08 05:04:26',NULL,0),(13,'',NULL,'sanudaris5@gmail.com',NULL,NULL,'customer','2025-03-09 04:06:45',NULL,NULL,'2025-03-09 04:06:45',NULL,0),(14,'',NULL,'shejmilj@gmail.com',NULL,NULL,'customer','2025-03-09 04:19:29',NULL,NULL,'2025-03-09 04:19:29',NULL,0),(15,'',NULL,'shajmil@gmial.com',NULL,NULL,'customer','2025-03-13 17:10:26',NULL,NULL,'2025-03-13 17:10:26',NULL,0),(16,NULL,NULL,NULL,NULL,NULL,'customer','2025-03-15 05:43:30',NULL,NULL,'2025-03-15 05:43:30',NULL,0),(17,NULL,NULL,NULL,NULL,NULL,'customer','2025-03-17 15:27:39',NULL,NULL,'2025-03-17 15:27:39',NULL,0),(18,NULL,NULL,NULL,NULL,NULL,'customer','2025-03-17 15:27:54',NULL,NULL,'2025-03-17 15:27:54',NULL,0),(19,'sanin',NULL,'saninsnz@gmail.com',NULL,NULL,'customer','2025-03-18 01:32:35',NULL,NULL,'2025-03-18 01:32:35',NULL,0),(20,'sanin',NULL,NULL,'9633364880',NULL,'customer','2025-03-18 01:59:32',NULL,NULL,'2025-03-18 01:59:32',NULL,0),(21,'shajmil',NULL,NULL,'96456857',NULL,'customer','2025-03-18 16:00:17',NULL,NULL,'2025-03-18 16:00:17',NULL,0);
/*!40000 ALTER TABLE `users` ENABLE KEYS */;
UNLOCK TABLES;
SET @@SESSION.SQL_LOG_BIN = @MYSQLDUMP_TEMP_LOG_BIN;
/*!40103 SET TIME_ZONE=@OLD_TIME_ZONE */;

/*!40101 SET SQL_MODE=@OLD_SQL_MODE */;
/*!40014 SET FOREIGN_KEY_CHECKS=@OLD_FOREIGN_KEY_CHECKS */;
/*!40014 SET UNIQUE_CHECKS=@OLD_UNIQUE_CHECKS */;
/*!40101 SET CHARACTER_SET_CLIENT=@OLD_CHARACTER_SET_CLIENT */;
/*!40101 SET CHARACTER_SET_RESULTS=@OLD_CHARACTER_SET_RESULTS */;
/*!40101 SET COLLATION_CONNECTION=@OLD_COLLATION_CONNECTION */;
/*!40111 SET SQL_NOTES=@OLD_SQL_NOTES */;

-- Dump completed on 2025-05-17 14:31:44
